Copyright 1986-2018 Xilinx, Inc. All Rights Reserved.
--------------------------------------------------------------------------------------------------------------------------------------------------------------------------------
| Tool Version : Vivado v.2018.2 (win64) Build 2258646 Thu Jun 14 20:03:12 MDT 2018
| Date         : Wed Jul 22 00:07:06 2026
| Host         : Bassel running 64-bit major release  (build 9200)
| Command      : report_timing_summary -max_paths 10 -file top_timing_summary_routed.rpt -pb top_timing_summary_routed.pb -rpx top_timing_summary_routed.rpx -warn_on_violation
| Design       : top
| Device       : 7z020-clg484
| Speed File   : -2  PRODUCTION 1.11 2014-09-11
--------------------------------------------------------------------------------------------------------------------------------------------------------------------------------

Timing Summary Report

------------------------------------------------------------------------------------------------
| Timer Settings
| --------------
------------------------------------------------------------------------------------------------

  Enable Multi Corner Analysis               :  Yes
  Enable Pessimism Removal                   :  Yes
  Pessimism Removal Resolution               :  Nearest Common Node
  Enable Input Delay Default Clock           :  No
  Enable Preset / Clear Arcs                 :  No
  Disable Flight Delays                      :  No
  Ignore I/O Paths                           :  No
  Timing Early Launch at Borrowing Latches   :  false

  Corner  Analyze    Analyze    
  Name    Max Paths  Min Paths  
  ------  ---------  ---------  
  Slow    Yes        Yes        
  Fast    Yes        Yes        



check_timing report

Table of Contents
-----------------
1. checking no_clock
2. checking constant_clock
3. checking pulse_width_clock
4. checking unconstrained_internal_endpoints
5. checking no_input_delay
6. checking no_output_delay
7. checking multiple_clock
8. checking generated_clocks
9. checking loops
10. checking partial_input_delay
11. checking partial_output_delay
12. checking latch_loops

1. checking no_clock
--------------------
 There are 3 register/latch pins with no clock driven by root clock pin: u_clk_div/clk_1HZ_reg/Q (HIGH)


2. checking constant_clock
--------------------------
 There are 0 register/latch pins with constant_clock.


3. checking pulse_width_clock
-----------------------------
 There are 0 register/latch pins which need pulse_width check


4. checking unconstrained_internal_endpoints
--------------------------------------------
 There are 6 pins that are not constrained for maximum delay. (HIGH)

 There are 0 pins that are not constrained for maximum delay due to constant clock.


5. checking no_input_delay
--------------------------
 There are 0 input ports with no input delay specified.

 There are 0 input ports with no input delay but user has a false path constraint.


6. checking no_output_delay
---------------------------
 There are 0 ports with no output delay specified.

 There are 3 ports with no output delay but user has a false path constraint (MEDIUM)

 There are 0 ports with no output delay but with a timing clock defined on it or propagating through it


7. checking multiple_clock
--------------------------
 There are 0 register/latch pins with multiple clocks.


8. checking generated_clocks
----------------------------
 There are 0 generated clocks that are not connected to a clock source.


9. checking loops
-----------------
 There are 0 combinational loops in the design.


10. checking partial_input_delay
--------------------------------
 There are 0 input ports with partial input delay specified.


11. checking partial_output_delay
---------------------------------
 There are 0 ports with partial output delay specified.


12. checking latch_loops
------------------------
 There are 0 combinational latch loops in the design through latch input



------------------------------------------------------------------------------------------------
| Design Timing Summary
| ---------------------
------------------------------------------------------------------------------------------------

    WNS(ns)      TNS(ns)  TNS Failing Endpoints  TNS Total Endpoints      WHS(ns)      THS(ns)  THS Failing Endpoints  THS Total Endpoints     WPWS(ns)     TPWS(ns)  TPWS Failing Endpoints  TPWS Total Endpoints  
    -------      -------  ---------------------  -------------------      -------      -------  ---------------------  -------------------     --------     --------  ----------------------  --------------------  
    121.578        0.000                      0                   23        0.325        0.000                      0                   23        2.633        0.000                       0                    29  


All user specified timing constraints are met.


------------------------------------------------------------------------------------------------
| Clock Summary
| -------------
------------------------------------------------------------------------------------------------

Clock                 Waveform(ns)         Period(ns)      Frequency(MHz)
-----                 ------------         ----------      --------------
clk                   {0.000 5.000}        10.000          100.000         
  clk_out1_clk_wiz_0  {0.000 62.500}       125.000         8.000           
  clkfbout_clk_wiz_0  {0.000 25.000}       50.000          20.000          


------------------------------------------------------------------------------------------------
| Intra Clock Table
| -----------------
------------------------------------------------------------------------------------------------

Clock                     WNS(ns)      TNS(ns)  TNS Failing Endpoints  TNS Total Endpoints      WHS(ns)      THS(ns)  THS Failing Endpoints  THS Total Endpoints     WPWS(ns)     TPWS(ns)  TPWS Failing Endpoints  TPWS Total Endpoints  
-----                     -------      -------  ---------------------  -------------------      -------      -------  ---------------------  -------------------     --------     --------  ----------------------  --------------------  
clk                                                                                                                                                                     3.000        0.000                       0                     1  
  clk_out1_clk_wiz_0      121.578        0.000                      0                   23        0.325        0.000                      0                   23       35.000        0.000                       0                    25  
  clkfbout_clk_wiz_0                                                                                                                                                    2.633        0.000                       0                     3  


------------------------------------------------------------------------------------------------
| Inter Clock Table
| -----------------
------------------------------------------------------------------------------------------------

From Clock    To Clock          WNS(ns)      TNS(ns)  TNS Failing Endpoints  TNS Total Endpoints      WHS(ns)      THS(ns)  THS Failing Endpoints  THS Total Endpoints  
----------    --------          -------      -------  ---------------------  -------------------      -------      -------  ---------------------  -------------------  


------------------------------------------------------------------------------------------------
| Other Path Groups Table
| -----------------------
------------------------------------------------------------------------------------------------

Path Group    From Clock    To Clock          WNS(ns)      TNS(ns)  TNS Failing Endpoints  TNS Total Endpoints      WHS(ns)      THS(ns)  THS Failing Endpoints  THS Total Endpoints  
----------    ----------    --------          -------      -------  ---------------------  -------------------      -------      -------  ---------------------  -------------------  


------------------------------------------------------------------------------------------------
| Timing Details
| --------------
------------------------------------------------------------------------------------------------


---------------------------------------------------------------------------------------------------
From Clock:  clk
  To Clock:  clk

Setup :           NA  Failing Endpoints,  Worst Slack           NA  ,  Total Violation           NA
Hold  :           NA  Failing Endpoints,  Worst Slack           NA  ,  Total Violation           NA
PW    :            0  Failing Endpoints,  Worst Slack        3.000ns,  Total Violation        0.000ns
---------------------------------------------------------------------------------------------------


Pulse Width Checks
--------------------------------------------------------------------------------------
Clock Name:         clk
Waveform(ns):       { 0.000 5.000 }
Period(ns):         10.000
Sources:            { clk }

Check Type        Corner  Lib Pin           Reference Pin  Required(ns)  Actual(ns)  Slack(ns)  Location        Pin
Min Period        n/a     PLLE2_ADV/CLKIN1  n/a            1.249         10.000      8.751      PLLE2_ADV_X0Y0  u_pll/inst/plle2_adv_inst/CLKIN1
Max Period        n/a     PLLE2_ADV/CLKIN1  n/a            52.633        10.000      42.633     PLLE2_ADV_X0Y0  u_pll/inst/plle2_adv_inst/CLKIN1
Low Pulse Width   Slow    PLLE2_ADV/CLKIN1  n/a            2.000         5.000       3.000      PLLE2_ADV_X0Y0  u_pll/inst/plle2_adv_inst/CLKIN1
Low Pulse Width   Fast    PLLE2_ADV/CLKIN1  n/a            2.000         5.000       3.000      PLLE2_ADV_X0Y0  u_pll/inst/plle2_adv_inst/CLKIN1
High Pulse Width  Slow    PLLE2_ADV/CLKIN1  n/a            2.000         5.000       3.000      PLLE2_ADV_X0Y0  u_pll/inst/plle2_adv_inst/CLKIN1
High Pulse Width  Fast    PLLE2_ADV/CLKIN1  n/a            2.000         5.000       3.000      PLLE2_ADV_X0Y0  u_pll/inst/plle2_adv_inst/CLKIN1



---------------------------------------------------------------------------------------------------
From Clock:  clk_out1_clk_wiz_0
  To Clock:  clk_out1_clk_wiz_0

Setup :            0  Failing Endpoints,  Worst Slack      121.578ns,  Total Violation        0.000ns
Hold  :            0  Failing Endpoints,  Worst Slack        0.325ns,  Total Violation        0.000ns
PW    :            0  Failing Endpoints,  Worst Slack       35.000ns,  Total Violation        0.000ns
---------------------------------------------------------------------------------------------------


Max Delay Paths
--------------------------------------------------------------------------------------
Slack (MET) :             121.578ns  (required time - arrival time)
  Source:                 u_clk_div/cnt_reg[0]/C
                            (rising edge-triggered cell FDCE clocked by clk_out1_clk_wiz_0  {rise@0.000ns fall@62.500ns period=125.000ns})
  Destination:            u_clk_div/cnt_reg[20]/D
                            (rising edge-triggered cell FDCE clocked by clk_out1_clk_wiz_0  {rise@0.000ns fall@62.500ns period=125.000ns})
  Path Group:             clk_out1_clk_wiz_0
  Path Type:              Setup (Max at Slow Process Corner)
  Requirement:            125.000ns  (clk_out1_clk_wiz_0 rise@125.000ns - clk_out1_clk_wiz_0 rise@0.000ns)
  Data Path Delay:        3.198ns  (logic 1.685ns (52.690%)  route 1.513ns (47.310%))
  Logic Levels:           6  (CARRY4=5 LUT6=1)
  Clock Path Skew:        -0.028ns (DCD - SCD + CPR)
    Destination Clock Delay (DCD):    -1.342ns = ( 123.658 - 125.000 ) 
    Source Clock Delay      (SCD):    -1.729ns
    Clock Pessimism Removal (CPR):    -0.415ns
  Clock Uncertainty:      0.228ns  ((TSJ^2 + DJ^2)^1/2) / 2 + PE
    Total System Jitter     (TSJ):    0.071ns
    Discrete Jitter          (DJ):    0.450ns
    Phase Error              (PE):    0.000ns

    Location             Delay type                Incr(ns)  Path(ns)    Netlist Resource(s)
  -------------------------------------------------------------------    -------------------
                         (clock clk_out1_clk_wiz_0 rise edge)
                                                      0.000     0.000 r  
    Y9                                                0.000     0.000 r  clk (IN)
                         net (fo=0)                   0.000     0.000    u_pll/inst/clk_in1
    Y9                   IBUF (Prop_ibuf_I_O)         1.421     1.421 r  u_pll/inst/clkin1_ibufg/O
                         net (fo=1, routed)           1.126     2.547    u_pll/inst/clk_in1_clk_wiz_0
    PLLE2_ADV_X0Y0       PLLE2_ADV (Prop_plle2_adv_CLKIN1_CLKOUT0)
                                                     -7.518    -4.971 r  u_pll/inst/plle2_adv_inst/CLKOUT0
                         net (fo=1, routed)           1.564    -3.407    u_pll/inst/clk_out1_clk_wiz_0
    BUFGCTRL_X0Y0        BUFG (Prop_bufg_I_O)         0.085    -3.322 r  u_pll/inst/clkout1_buf/O
                         net (fo=23, routed)          1.593    -1.729    u_clk_div/bbstub_clk_out1
    SLICE_X111Y47        FDCE                                         r  u_clk_div/cnt_reg[0]/C
  -------------------------------------------------------------------    -------------------
    SLICE_X111Y47        FDCE (Prop_fdce_C_Q)         0.379    -1.350 r  u_clk_div/cnt_reg[0]/Q
                         net (fo=3, routed)           0.820    -0.530    u_clk_div/cnt[0]
    SLICE_X112Y44        CARRY4 (Prop_carry4_CYINIT_CO[3])
                                                      0.494    -0.036 r  u_clk_div/cnt0_carry/CO[3]
                         net (fo=1, routed)           0.000    -0.036    u_clk_div/cnt0_carry_n_0
    SLICE_X112Y45        CARRY4 (Prop_carry4_CI_CO[3])
                                                      0.100     0.064 r  u_clk_div/cnt0_carry__0/CO[3]
                         net (fo=1, routed)           0.000     0.064    u_clk_div/cnt0_carry__0_n_0
    SLICE_X112Y46        CARRY4 (Prop_carry4_CI_CO[3])
                                                      0.100     0.164 r  u_clk_div/cnt0_carry__1/CO[3]
                         net (fo=1, routed)           0.000     0.164    u_clk_div/cnt0_carry__1_n_0
    SLICE_X112Y47        CARRY4 (Prop_carry4_CI_CO[3])
                                                      0.100     0.264 r  u_clk_div/cnt0_carry__2/CO[3]
                         net (fo=1, routed)           0.000     0.264    u_clk_div/cnt0_carry__2_n_0
    SLICE_X112Y48        CARRY4 (Prop_carry4_CI_O[3])
                                                      0.262     0.526 r  u_clk_div/cnt0_carry__3/O[3]
                         net (fo=1, routed)           0.693     1.219    u_clk_div/data0[20]
    SLICE_X113Y48        LUT6 (Prop_lut6_I5_O)        0.250     1.469 r  u_clk_div/cnt[20]_i_1/O
                         net (fo=1, routed)           0.000     1.469    u_clk_div/cnt_0[20]
    SLICE_X113Y48        FDCE                                         r  u_clk_div/cnt_reg[20]/D
  -------------------------------------------------------------------    -------------------

                         (clock clk_out1_clk_wiz_0 rise edge)
                                                    125.000   125.000 r  
    Y9                                                0.000   125.000 r  clk (IN)
                         net (fo=0)                   0.000   125.000    u_pll/inst/clk_in1
    Y9                   IBUF (Prop_ibuf_I_O)         1.355   126.355 r  u_pll/inst/clkin1_ibufg/O
                         net (fo=1, routed)           1.019   127.374    u_pll/inst/clk_in1_clk_wiz_0
    PLLE2_ADV_X0Y0       PLLE2_ADV (Prop_plle2_adv_CLKIN1_CLKOUT0)
                                                     -6.648   120.726 r  u_pll/inst/plle2_adv_inst/CLKOUT0
                         net (fo=1, routed)           1.423   122.149    u_pll/inst/clk_out1_clk_wiz_0
    BUFGCTRL_X0Y0        BUFG (Prop_bufg_I_O)         0.077   122.226 r  u_pll/inst/clkout1_buf/O
                         net (fo=23, routed)          1.432   123.658    u_clk_div/bbstub_clk_out1
    SLICE_X113Y48        FDCE                                         r  u_clk_div/cnt_reg[20]/C
                         clock pessimism             -0.415   123.243    
                         clock uncertainty           -0.228   123.016    
    SLICE_X113Y48        FDCE (Setup_fdce_C_D)        0.032   123.048    u_clk_div/cnt_reg[20]
  -------------------------------------------------------------------
                         required time                        123.048    
                         arrival time                          -1.469    
  -------------------------------------------------------------------
                         slack                                121.578    

Slack (MET) :             121.622ns  (required time - arrival time)
  Source:                 u_clk_div/cnt_reg[0]/C
                            (rising edge-triggered cell FDCE clocked by clk_out1_clk_wiz_0  {rise@0.000ns fall@62.500ns period=125.000ns})
  Destination:            u_clk_div/cnt_reg[12]/D
                            (rising edge-triggered cell FDCE clocked by clk_out1_clk_wiz_0  {rise@0.000ns fall@62.500ns period=125.000ns})
  Path Group:             clk_out1_clk_wiz_0
  Path Type:              Setup (Max at Slow Process Corner)
  Requirement:            125.000ns  (clk_out1_clk_wiz_0 rise@125.000ns - clk_out1_clk_wiz_0 rise@0.000ns)
  Data Path Delay:        3.154ns  (logic 1.485ns (47.076%)  route 1.669ns (52.924%))
  Logic Levels:           4  (CARRY4=3 LUT6=1)
  Clock Path Skew:        -0.028ns (DCD - SCD + CPR)
    Destination Clock Delay (DCD):    -1.342ns = ( 123.658 - 125.000 ) 
    Source Clock Delay      (SCD):    -1.729ns
    Clock Pessimism Removal (CPR):    -0.415ns
  Clock Uncertainty:      0.228ns  ((TSJ^2 + DJ^2)^1/2) / 2 + PE
    Total System Jitter     (TSJ):    0.071ns
    Discrete Jitter          (DJ):    0.450ns
    Phase Error              (PE):    0.000ns

    Location             Delay type                Incr(ns)  Path(ns)    Netlist Resource(s)
  -------------------------------------------------------------------    -------------------
                         (clock clk_out1_clk_wiz_0 rise edge)
                                                      0.000     0.000 r  
    Y9                                                0.000     0.000 r  clk (IN)
                         net (fo=0)                   0.000     0.000    u_pll/inst/clk_in1
    Y9                   IBUF (Prop_ibuf_I_O)         1.421     1.421 r  u_pll/inst/clkin1_ibufg/O
                         net (fo=1, routed)           1.126     2.547    u_pll/inst/clk_in1_clk_wiz_0
    PLLE2_ADV_X0Y0       PLLE2_ADV (Prop_plle2_adv_CLKIN1_CLKOUT0)
                                                     -7.518    -4.971 r  u_pll/inst/plle2_adv_inst/CLKOUT0
                         net (fo=1, routed)           1.564    -3.407    u_pll/inst/clk_out1_clk_wiz_0
    BUFGCTRL_X0Y0        BUFG (Prop_bufg_I_O)         0.085    -3.322 r  u_pll/inst/clkout1_buf/O
                         net (fo=23, routed)          1.593    -1.729    u_clk_div/bbstub_clk_out1
    SLICE_X111Y47        FDCE                                         r  u_clk_div/cnt_reg[0]/C
  -------------------------------------------------------------------    -------------------
    SLICE_X111Y47        FDCE (Prop_fdce_C_Q)         0.379    -1.350 r  u_clk_div/cnt_reg[0]/Q
                         net (fo=3, routed)           0.820    -0.530    u_clk_div/cnt[0]
    SLICE_X112Y44        CARRY4 (Prop_carry4_CYINIT_CO[3])
                                                      0.494    -0.036 r  u_clk_div/cnt0_carry/CO[3]
                         net (fo=1, routed)           0.000    -0.036    u_clk_div/cnt0_carry_n_0
    SLICE_X112Y45        CARRY4 (Prop_carry4_CI_CO[3])
                                                      0.100     0.064 r  u_clk_div/cnt0_carry__0/CO[3]
                         net (fo=1, routed)           0.000     0.064    u_clk_div/cnt0_carry__0_n_0
    SLICE_X112Y46        CARRY4 (Prop_carry4_CI_O[3])
                                                      0.262     0.326 r  u_clk_div/cnt0_carry__1/O[3]
                         net (fo=1, routed)           0.849     1.176    u_clk_div/data0[12]
    SLICE_X113Y46        LUT6 (Prop_lut6_I5_O)        0.250     1.426 r  u_clk_div/cnt[12]_i_1/O
                         net (fo=1, routed)           0.000     1.426    u_clk_div/cnt_0[12]
    SLICE_X113Y46        FDCE                                         r  u_clk_div/cnt_reg[12]/D
  -------------------------------------------------------------------    -------------------

                         (clock clk_out1_clk_wiz_0 rise edge)
                                                    125.000   125.000 r  
    Y9                                                0.000   125.000 r  clk (IN)
                         net (fo=0)                   0.000   125.000    u_pll/inst/clk_in1
    Y9                   IBUF (Prop_ibuf_I_O)         1.355   126.355 r  u_pll/inst/clkin1_ibufg/O
                         net (fo=1, routed)           1.019   127.374    u_pll/inst/clk_in1_clk_wiz_0
    PLLE2_ADV_X0Y0       PLLE2_ADV (Prop_plle2_adv_CLKIN1_CLKOUT0)
                                                     -6.648   120.726 r  u_pll/inst/plle2_adv_inst/CLKOUT0
                         net (fo=1, routed)           1.423   122.149    u_pll/inst/clk_out1_clk_wiz_0
    BUFGCTRL_X0Y0        BUFG (Prop_bufg_I_O)         0.077   122.226 r  u_pll/inst/clkout1_buf/O
                         net (fo=23, routed)          1.432   123.658    u_clk_div/bbstub_clk_out1
    SLICE_X113Y46        FDCE                                         r  u_clk_div/cnt_reg[12]/C
                         clock pessimism             -0.415   123.243    
                         clock uncertainty           -0.228   123.016    
    SLICE_X113Y46        FDCE (Setup_fdce_C_D)        0.032   123.048    u_clk_div/cnt_reg[12]
  -------------------------------------------------------------------
                         required time                        123.048    
                         arrival time                          -1.426    
  -------------------------------------------------------------------
                         slack                                121.622    

Slack (MET) :             121.678ns  (required time - arrival time)
  Source:                 u_clk_div/cnt_reg[0]/C
                            (rising edge-triggered cell FDCE clocked by clk_out1_clk_wiz_0  {rise@0.000ns fall@62.500ns period=125.000ns})
  Destination:            u_clk_div/cnt_reg[16]/D
                            (rising edge-triggered cell FDCE clocked by clk_out1_clk_wiz_0  {rise@0.000ns fall@62.500ns period=125.000ns})
  Path Group:             clk_out1_clk_wiz_0
  Path Type:              Setup (Max at Slow Process Corner)
  Requirement:            125.000ns  (clk_out1_clk_wiz_0 rise@125.000ns - clk_out1_clk_wiz_0 rise@0.000ns)
  Data Path Delay:        3.098ns  (logic 1.585ns (51.163%)  route 1.513ns (48.837%))
  Logic Levels:           5  (CARRY4=4 LUT6=1)
  Clock Path Skew:        -0.028ns (DCD - SCD + CPR)
    Destination Clock Delay (DCD):    -1.342ns = ( 123.658 - 125.000 ) 
    Source Clock Delay      (SCD):    -1.729ns
    Clock Pessimism Removal (CPR):    -0.415ns
  Clock Uncertainty:      0.228ns  ((TSJ^2 + DJ^2)^1/2) / 2 + PE
    Total System Jitter     (TSJ):    0.071ns
    Discrete Jitter          (DJ):    0.450ns
    Phase Error              (PE):    0.000ns

    Location             Delay type                Incr(ns)  Path(ns)    Netlist Resource(s)
  -------------------------------------------------------------------    -------------------
                         (clock clk_out1_clk_wiz_0 rise edge)
                                                      0.000     0.000 r  
    Y9                                                0.000     0.000 r  clk (IN)
                         net (fo=0)                   0.000     0.000    u_pll/inst/clk_in1
    Y9                   IBUF (Prop_ibuf_I_O)         1.421     1.421 r  u_pll/inst/clkin1_ibufg/O
                         net (fo=1, routed)           1.126     2.547    u_pll/inst/clk_in1_clk_wiz_0
    PLLE2_ADV_X0Y0       PLLE2_ADV (Prop_plle2_adv_CLKIN1_CLKOUT0)
                                                     -7.518    -4.971 r  u_pll/inst/plle2_adv_inst/CLKOUT0
                         net (fo=1, routed)           1.564    -3.407    u_pll/inst/clk_out1_clk_wiz_0
    BUFGCTRL_X0Y0        BUFG (Prop_bufg_I_O)         0.085    -3.322 r  u_pll/inst/clkout1_buf/O
                         net (fo=23, routed)          1.593    -1.729    u_clk_div/bbstub_clk_out1
    SLICE_X111Y47        FDCE                                         r  u_clk_div/cnt_reg[0]/C
  -------------------------------------------------------------------    -------------------
    SLICE_X111Y47        FDCE (Prop_fdce_C_Q)         0.379    -1.350 r  u_clk_div/cnt_reg[0]/Q
                         net (fo=3, routed)           0.820    -0.530    u_clk_div/cnt[0]
    SLICE_X112Y44        CARRY4 (Prop_carry4_CYINIT_CO[3])
                                                      0.494    -0.036 r  u_clk_div/cnt0_carry/CO[3]
                         net (fo=1, routed)           0.000    -0.036    u_clk_div/cnt0_carry_n_0
    SLICE_X112Y45        CARRY4 (Prop_carry4_CI_CO[3])
                                                      0.100     0.064 r  u_clk_div/cnt0_carry__0/CO[3]
                         net (fo=1, routed)           0.000     0.064    u_clk_div/cnt0_carry__0_n_0
    SLICE_X112Y46        CARRY4 (Prop_carry4_CI_CO[3])
                                                      0.100     0.164 r  u_clk_div/cnt0_carry__1/CO[3]
                         net (fo=1, routed)           0.000     0.164    u_clk_div/cnt0_carry__1_n_0
    SLICE_X112Y47        CARRY4 (Prop_carry4_CI_O[3])
                                                      0.262     0.426 r  u_clk_div/cnt0_carry__2/O[3]
                         net (fo=1, routed)           0.693     1.119    u_clk_div/data0[16]
    SLICE_X113Y47        LUT6 (Prop_lut6_I5_O)        0.250     1.369 r  u_clk_div/cnt[16]_i_1/O
                         net (fo=1, routed)           0.000     1.369    u_clk_div/cnt_0[16]
    SLICE_X113Y47        FDCE                                         r  u_clk_div/cnt_reg[16]/D
  -------------------------------------------------------------------    -------------------

                         (clock clk_out1_clk_wiz_0 rise edge)
                                                    125.000   125.000 r  
    Y9                                                0.000   125.000 r  clk (IN)
                         net (fo=0)                   0.000   125.000    u_pll/inst/clk_in1
    Y9                   IBUF (Prop_ibuf_I_O)         1.355   126.355 r  u_pll/inst/clkin1_ibufg/O
                         net (fo=1, routed)           1.019   127.374    u_pll/inst/clk_in1_clk_wiz_0
    PLLE2_ADV_X0Y0       PLLE2_ADV (Prop_plle2_adv_CLKIN1_CLKOUT0)
                                                     -6.648   120.726 r  u_pll/inst/plle2_adv_inst/CLKOUT0
                         net (fo=1, routed)           1.423   122.149    u_pll/inst/clk_out1_clk_wiz_0
    BUFGCTRL_X0Y0        BUFG (Prop_bufg_I_O)         0.077   122.226 r  u_pll/inst/clkout1_buf/O
                         net (fo=23, routed)          1.432   123.658    u_clk_div/bbstub_clk_out1
    SLICE_X113Y47        FDCE                                         r  u_clk_div/cnt_reg[16]/C
                         clock pessimism             -0.415   123.243    
                         clock uncertainty           -0.228   123.016    
    SLICE_X113Y47        FDCE (Setup_fdce_C_D)        0.032   123.048    u_clk_div/cnt_reg[16]
  -------------------------------------------------------------------
                         required time                        123.048    
                         arrival time                          -1.369    
  -------------------------------------------------------------------
                         slack                                121.678    

Slack (MET) :             121.780ns  (required time - arrival time)
  Source:                 u_clk_div/cnt_reg[0]/C
                            (rising edge-triggered cell FDCE clocked by clk_out1_clk_wiz_0  {rise@0.000ns fall@62.500ns period=125.000ns})
  Destination:            u_clk_div/cnt_reg[21]/D
                            (rising edge-triggered cell FDCE clocked by clk_out1_clk_wiz_0  {rise@0.000ns fall@62.500ns period=125.000ns})
  Path Group:             clk_out1_clk_wiz_0
  Path Type:              Setup (Max at Slow Process Corner)
  Requirement:            125.000ns  (clk_out1_clk_wiz_0 rise@125.000ns - clk_out1_clk_wiz_0 rise@0.000ns)
  Data Path Delay:        2.997ns  (logic 1.689ns (56.361%)  route 1.308ns (43.639%))
  Logic Levels:           7  (CARRY4=6 LUT6=1)
  Clock Path Skew:        -0.028ns (DCD - SCD + CPR)
    Destination Clock Delay (DCD):    -1.342ns = ( 123.658 - 125.000 ) 
    Source Clock Delay      (SCD):    -1.729ns
    Clock Pessimism Removal (CPR):    -0.415ns
  Clock Uncertainty:      0.228ns  ((TSJ^2 + DJ^2)^1/2) / 2 + PE
    Total System Jitter     (TSJ):    0.071ns
    Discrete Jitter          (DJ):    0.450ns
    Phase Error              (PE):    0.000ns

    Location             Delay type                Incr(ns)  Path(ns)    Netlist Resource(s)
  -------------------------------------------------------------------    -------------------
                         (clock clk_out1_clk_wiz_0 rise edge)
                                                      0.000     0.000 r  
    Y9                                                0.000     0.000 r  clk (IN)
                         net (fo=0)                   0.000     0.000    u_pll/inst/clk_in1
    Y9                   IBUF (Prop_ibuf_I_O)         1.421     1.421 r  u_pll/inst/clkin1_ibufg/O
                         net (fo=1, routed)           1.126     2.547    u_pll/inst/clk_in1_clk_wiz_0
    PLLE2_ADV_X0Y0       PLLE2_ADV (Prop_plle2_adv_CLKIN1_CLKOUT0)
                                                     -7.518    -4.971 r  u_pll/inst/plle2_adv_inst/CLKOUT0
                         net (fo=1, routed)           1.564    -3.407    u_pll/inst/clk_out1_clk_wiz_0
    BUFGCTRL_X0Y0        BUFG (Prop_bufg_I_O)         0.085    -3.322 r  u_pll/inst/clkout1_buf/O
                         net (fo=23, routed)          1.593    -1.729    u_clk_div/bbstub_clk_out1
    SLICE_X111Y47        FDCE                                         r  u_clk_div/cnt_reg[0]/C
  -------------------------------------------------------------------    -------------------
    SLICE_X111Y47        FDCE (Prop_fdce_C_Q)         0.379    -1.350 r  u_clk_div/cnt_reg[0]/Q
                         net (fo=3, routed)           0.820    -0.530    u_clk_div/cnt[0]
    SLICE_X112Y44        CARRY4 (Prop_carry4_CYINIT_CO[3])
                                                      0.494    -0.036 r  u_clk_div/cnt0_carry/CO[3]
                         net (fo=1, routed)           0.000    -0.036    u_clk_div/cnt0_carry_n_0
    SLICE_X112Y45        CARRY4 (Prop_carry4_CI_CO[3])
                                                      0.100     0.064 r  u_clk_div/cnt0_carry__0/CO[3]
                         net (fo=1, routed)           0.000     0.064    u_clk_div/cnt0_carry__0_n_0
    SLICE_X112Y46        CARRY4 (Prop_carry4_CI_CO[3])
                                                      0.100     0.164 r  u_clk_div/cnt0_carry__1/CO[3]
                         net (fo=1, routed)           0.000     0.164    u_clk_div/cnt0_carry__1_n_0
    SLICE_X112Y47        CARRY4 (Prop_carry4_CI_CO[3])
                                                      0.100     0.264 r  u_clk_div/cnt0_carry__2/CO[3]
                         net (fo=1, routed)           0.000     0.264    u_clk_div/cnt0_carry__2_n_0
    SLICE_X112Y48        CARRY4 (Prop_carry4_CI_CO[3])
                                                      0.100     0.364 r  u_clk_div/cnt0_carry__3/CO[3]
                         net (fo=1, routed)           0.000     0.364    u_clk_div/cnt0_carry__3_n_0
    SLICE_X112Y49        CARRY4 (Prop_carry4_CI_O[0])
                                                      0.178     0.542 r  u_clk_div/cnt0_carry__4/O[0]
                         net (fo=1, routed)           0.488     1.030    u_clk_div/data0[21]
    SLICE_X113Y49        LUT6 (Prop_lut6_I5_O)        0.238     1.268 r  u_clk_div/cnt[21]_i_1/O
                         net (fo=1, routed)           0.000     1.268    u_clk_div/cnt_0[21]
    SLICE_X113Y49        FDCE                                         r  u_clk_div/cnt_reg[21]/D
  -------------------------------------------------------------------    -------------------

                         (clock clk_out1_clk_wiz_0 rise edge)
                                                    125.000   125.000 r  
    Y9                                                0.000   125.000 r  clk (IN)
                         net (fo=0)                   0.000   125.000    u_pll/inst/clk_in1
    Y9                   IBUF (Prop_ibuf_I_O)         1.355   126.355 r  u_pll/inst/clkin1_ibufg/O
                         net (fo=1, routed)           1.019   127.374    u_pll/inst/clk_in1_clk_wiz_0
    PLLE2_ADV_X0Y0       PLLE2_ADV (Prop_plle2_adv_CLKIN1_CLKOUT0)
                                                     -6.648   120.726 r  u_pll/inst/plle2_adv_inst/CLKOUT0
                         net (fo=1, routed)           1.423   122.149    u_pll/inst/clk_out1_clk_wiz_0
    BUFGCTRL_X0Y0        BUFG (Prop_bufg_I_O)         0.077   122.226 r  u_pll/inst/clkout1_buf/O
                         net (fo=23, routed)          1.432   123.658    u_clk_div/bbstub_clk_out1
    SLICE_X113Y49        FDCE                                         r  u_clk_div/cnt_reg[21]/C
                         clock pessimism             -0.415   123.243    
                         clock uncertainty           -0.228   123.016    
    SLICE_X113Y49        FDCE (Setup_fdce_C_D)        0.032   123.048    u_clk_div/cnt_reg[21]
  -------------------------------------------------------------------
                         required time                        123.048    
                         arrival time                          -1.268    
  -------------------------------------------------------------------
                         slack                                121.780    

Slack (MET) :             121.826ns  (required time - arrival time)
  Source:                 u_clk_div/cnt_reg[0]/C
                            (rising edge-triggered cell FDCE clocked by clk_out1_clk_wiz_0  {rise@0.000ns fall@62.500ns period=125.000ns})
  Destination:            u_clk_div/cnt_reg[17]/D
                            (rising edge-triggered cell FDCE clocked by clk_out1_clk_wiz_0  {rise@0.000ns fall@62.500ns period=125.000ns})
  Path Group:             clk_out1_clk_wiz_0
  Path Type:              Setup (Max at Slow Process Corner)
  Requirement:            125.000ns  (clk_out1_clk_wiz_0 rise@125.000ns - clk_out1_clk_wiz_0 rise@0.000ns)
  Data Path Delay:        2.949ns  (logic 1.589ns (53.887%)  route 1.360ns (46.113%))
  Logic Levels:           6  (CARRY4=5 LUT6=1)
  Clock Path Skew:        -0.028ns (DCD - SCD + CPR)
    Destination Clock Delay (DCD):    -1.342ns = ( 123.658 - 125.000 ) 
    Source Clock Delay      (SCD):    -1.729ns
    Clock Pessimism Removal (CPR):    -0.415ns
  Clock Uncertainty:      0.228ns  ((TSJ^2 + DJ^2)^1/2) / 2 + PE
    Total System Jitter     (TSJ):    0.071ns
    Discrete Jitter          (DJ):    0.450ns
    Phase Error              (PE):    0.000ns

    Location             Delay type                Incr(ns)  Path(ns)    Netlist Resource(s)
  -------------------------------------------------------------------    -------------------
                         (clock clk_out1_clk_wiz_0 rise edge)
                                                      0.000     0.000 r  
    Y9                                                0.000     0.000 r  clk (IN)
                         net (fo=0)                   0.000     0.000    u_pll/inst/clk_in1
    Y9                   IBUF (Prop_ibuf_I_O)         1.421     1.421 r  u_pll/inst/clkin1_ibufg/O
                         net (fo=1, routed)           1.126     2.547    u_pll/inst/clk_in1_clk_wiz_0
    PLLE2_ADV_X0Y0       PLLE2_ADV (Prop_plle2_adv_CLKIN1_CLKOUT0)
                                                     -7.518    -4.971 r  u_pll/inst/plle2_adv_inst/CLKOUT0
                         net (fo=1, routed)           1.564    -3.407    u_pll/inst/clk_out1_clk_wiz_0
    BUFGCTRL_X0Y0        BUFG (Prop_bufg_I_O)         0.085    -3.322 r  u_pll/inst/clkout1_buf/O
                         net (fo=23, routed)          1.593    -1.729    u_clk_div/bbstub_clk_out1
    SLICE_X111Y47        FDCE                                         r  u_clk_div/cnt_reg[0]/C
  -------------------------------------------------------------------    -------------------
    SLICE_X111Y47        FDCE (Prop_fdce_C_Q)         0.379    -1.350 r  u_clk_div/cnt_reg[0]/Q
                         net (fo=3, routed)           0.820    -0.530    u_clk_div/cnt[0]
    SLICE_X112Y44        CARRY4 (Prop_carry4_CYINIT_CO[3])
                                                      0.494    -0.036 r  u_clk_div/cnt0_carry/CO[3]
                         net (fo=1, routed)           0.000    -0.036    u_clk_div/cnt0_carry_n_0
    SLICE_X112Y45        CARRY4 (Prop_carry4_CI_CO[3])
                                                      0.100     0.064 r  u_clk_div/cnt0_carry__0/CO[3]
                         net (fo=1, routed)           0.000     0.064    u_clk_div/cnt0_carry__0_n_0
    SLICE_X112Y46        CARRY4 (Prop_carry4_CI_CO[3])
                                                      0.100     0.164 r  u_clk_div/cnt0_carry__1/CO[3]
                         net (fo=1, routed)           0.000     0.164    u_clk_div/cnt0_carry__1_n_0
    SLICE_X112Y47        CARRY4 (Prop_carry4_CI_CO[3])
                                                      0.100     0.264 r  u_clk_div/cnt0_carry__2/CO[3]
                         net (fo=1, routed)           0.000     0.264    u_clk_div/cnt0_carry__2_n_0
    SLICE_X112Y48        CARRY4 (Prop_carry4_CI_O[0])
                                                      0.178     0.442 r  u_clk_div/cnt0_carry__3/O[0]
                         net (fo=1, routed)           0.540     0.982    u_clk_div/data0[17]
    SLICE_X113Y49        LUT6 (Prop_lut6_I5_O)        0.238     1.220 r  u_clk_div/cnt[17]_i_1/O
                         net (fo=1, routed)           0.000     1.220    u_clk_div/cnt_0[17]
    SLICE_X113Y49        FDCE                                         r  u_clk_div/cnt_reg[17]/D
  -------------------------------------------------------------------    -------------------

                         (clock clk_out1_clk_wiz_0 rise edge)
                                                    125.000   125.000 r  
    Y9                                                0.000   125.000 r  clk (IN)
                         net (fo=0)                   0.000   125.000    u_pll/inst/clk_in1
    Y9                   IBUF (Prop_ibuf_I_O)         1.355   126.355 r  u_pll/inst/clkin1_ibufg/O
                         net (fo=1, routed)           1.019   127.374    u_pll/inst/clk_in1_clk_wiz_0
    PLLE2_ADV_X0Y0       PLLE2_ADV (Prop_plle2_adv_CLKIN1_CLKOUT0)
                                                     -6.648   120.726 r  u_pll/inst/plle2_adv_inst/CLKOUT0
                         net (fo=1, routed)           1.423   122.149    u_pll/inst/clk_out1_clk_wiz_0
    BUFGCTRL_X0Y0        BUFG (Prop_bufg_I_O)         0.077   122.226 r  u_pll/inst/clkout1_buf/O
                         net (fo=23, routed)          1.432   123.658    u_clk_div/bbstub_clk_out1
    SLICE_X113Y49        FDCE                                         r  u_clk_div/cnt_reg[17]/C
                         clock pessimism             -0.415   123.243    
                         clock uncertainty           -0.228   123.016    
    SLICE_X113Y49        FDCE (Setup_fdce_C_D)        0.030   123.046    u_clk_div/cnt_reg[17]
  -------------------------------------------------------------------
                         required time                        123.046    
                         arrival time                          -1.220    
  -------------------------------------------------------------------
                         slack                                121.826    

Slack (MET) :             121.835ns  (required time - arrival time)
  Source:                 u_clk_div/cnt_reg[0]/C
                            (rising edge-triggered cell FDCE clocked by clk_out1_clk_wiz_0  {rise@0.000ns fall@62.500ns period=125.000ns})
  Destination:            u_clk_div/cnt_reg[13]/D
                            (rising edge-triggered cell FDCE clocked by clk_out1_clk_wiz_0  {rise@0.000ns fall@62.500ns period=125.000ns})
  Path Group:             clk_out1_clk_wiz_0
  Path Type:              Setup (Max at Slow Process Corner)
  Requirement:            125.000ns  (clk_out1_clk_wiz_0 rise@125.000ns - clk_out1_clk_wiz_0 rise@0.000ns)
  Data Path Delay:        2.969ns  (logic 1.489ns (50.144%)  route 1.480ns (49.856%))
  Logic Levels:           5  (CARRY4=4 LUT6=1)
  Clock Path Skew:        0.000ns (DCD - SCD + CPR)
    Destination Clock Delay (DCD):    -1.342ns = ( 123.658 - 125.000 ) 
    Source Clock Delay      (SCD):    -1.729ns
    Clock Pessimism Removal (CPR):    -0.387ns
  Clock Uncertainty:      0.228ns  ((TSJ^2 + DJ^2)^1/2) / 2 + PE
    Total System Jitter     (TSJ):    0.071ns
    Discrete Jitter          (DJ):    0.450ns
    Phase Error              (PE):    0.000ns

    Location             Delay type                Incr(ns)  Path(ns)    Netlist Resource(s)
  -------------------------------------------------------------------    -------------------
                         (clock clk_out1_clk_wiz_0 rise edge)
                                                      0.000     0.000 r  
    Y9                                                0.000     0.000 r  clk (IN)
                         net (fo=0)                   0.000     0.000    u_pll/inst/clk_in1
    Y9                   IBUF (Prop_ibuf_I_O)         1.421     1.421 r  u_pll/inst/clkin1_ibufg/O
                         net (fo=1, routed)           1.126     2.547    u_pll/inst/clk_in1_clk_wiz_0
    PLLE2_ADV_X0Y0       PLLE2_ADV (Prop_plle2_adv_CLKIN1_CLKOUT0)
                                                     -7.518    -4.971 r  u_pll/inst/plle2_adv_inst/CLKOUT0
                         net (fo=1, routed)           1.564    -3.407    u_pll/inst/clk_out1_clk_wiz_0
    BUFGCTRL_X0Y0        BUFG (Prop_bufg_I_O)         0.085    -3.322 r  u_pll/inst/clkout1_buf/O
                         net (fo=23, routed)          1.593    -1.729    u_clk_div/bbstub_clk_out1
    SLICE_X111Y47        FDCE                                         r  u_clk_div/cnt_reg[0]/C
  -------------------------------------------------------------------    -------------------
    SLICE_X111Y47        FDCE (Prop_fdce_C_Q)         0.379    -1.350 r  u_clk_div/cnt_reg[0]/Q
                         net (fo=3, routed)           0.820    -0.530    u_clk_div/cnt[0]
    SLICE_X112Y44        CARRY4 (Prop_carry4_CYINIT_CO[3])
                                                      0.494    -0.036 r  u_clk_div/cnt0_carry/CO[3]
                         net (fo=1, routed)           0.000    -0.036    u_clk_div/cnt0_carry_n_0
    SLICE_X112Y45        CARRY4 (Prop_carry4_CI_CO[3])
                                                      0.100     0.064 r  u_clk_div/cnt0_carry__0/CO[3]
                         net (fo=1, routed)           0.000     0.064    u_clk_div/cnt0_carry__0_n_0
    SLICE_X112Y46        CARRY4 (Prop_carry4_CI_CO[3])
                                                      0.100     0.164 r  u_clk_div/cnt0_carry__1/CO[3]
                         net (fo=1, routed)           0.000     0.164    u_clk_div/cnt0_carry__1_n_0
    SLICE_X112Y47        CARRY4 (Prop_carry4_CI_O[0])
                                                      0.178     0.342 r  u_clk_div/cnt0_carry__2/O[0]
                         net (fo=1, routed)           0.660     1.003    u_clk_div/data0[13]
    SLICE_X111Y47        LUT6 (Prop_lut6_I5_O)        0.238     1.241 r  u_clk_div/cnt[13]_i_1/O
                         net (fo=1, routed)           0.000     1.241    u_clk_div/cnt_0[13]
    SLICE_X111Y47        FDCE                                         r  u_clk_div/cnt_reg[13]/D
  -------------------------------------------------------------------    -------------------

                         (clock clk_out1_clk_wiz_0 rise edge)
                                                    125.000   125.000 r  
    Y9                                                0.000   125.000 r  clk (IN)
                         net (fo=0)                   0.000   125.000    u_pll/inst/clk_in1
    Y9                   IBUF (Prop_ibuf_I_O)         1.355   126.355 r  u_pll/inst/clkin1_ibufg/O
                         net (fo=1, routed)           1.019   127.374    u_pll/inst/clk_in1_clk_wiz_0
    PLLE2_ADV_X0Y0       PLLE2_ADV (Prop_plle2_adv_CLKIN1_CLKOUT0)
                                                     -6.648   120.726 r  u_pll/inst/plle2_adv_inst/CLKOUT0
                         net (fo=1, routed)           1.423   122.149    u_pll/inst/clk_out1_clk_wiz_0
    BUFGCTRL_X0Y0        BUFG (Prop_bufg_I_O)         0.077   122.226 r  u_pll/inst/clkout1_buf/O
                         net (fo=23, routed)          1.432   123.658    u_clk_div/bbstub_clk_out1
    SLICE_X111Y47        FDCE                                         r  u_clk_div/cnt_reg[13]/C
                         clock pessimism             -0.387   123.271    
                         clock uncertainty           -0.228   123.044    
    SLICE_X111Y47        FDCE (Setup_fdce_C_D)        0.032   123.076    u_clk_div/cnt_reg[13]
  -------------------------------------------------------------------
                         required time                        123.076    
                         arrival time                          -1.241    
  -------------------------------------------------------------------
                         slack                                121.835    

Slack (MET) :             121.905ns  (required time - arrival time)
  Source:                 u_clk_div/cnt_reg[0]/C
                            (rising edge-triggered cell FDCE clocked by clk_out1_clk_wiz_0  {rise@0.000ns fall@62.500ns period=125.000ns})
  Destination:            u_clk_div/cnt_reg[9]/D
                            (rising edge-triggered cell FDCE clocked by clk_out1_clk_wiz_0  {rise@0.000ns fall@62.500ns period=125.000ns})
  Path Group:             clk_out1_clk_wiz_0
  Path Type:              Setup (Max at Slow Process Corner)
  Requirement:            125.000ns  (clk_out1_clk_wiz_0 rise@125.000ns - clk_out1_clk_wiz_0 rise@0.000ns)
  Data Path Delay:        2.869ns  (logic 1.389ns (48.407%)  route 1.480ns (51.593%))
  Logic Levels:           4  (CARRY4=3 LUT6=1)
  Clock Path Skew:        -0.028ns (DCD - SCD + CPR)
    Destination Clock Delay (DCD):    -1.342ns = ( 123.658 - 125.000 ) 
    Source Clock Delay      (SCD):    -1.729ns
    Clock Pessimism Removal (CPR):    -0.415ns
  Clock Uncertainty:      0.228ns  ((TSJ^2 + DJ^2)^1/2) / 2 + PE
    Total System Jitter     (TSJ):    0.071ns
    Discrete Jitter          (DJ):    0.450ns
    Phase Error              (PE):    0.000ns

    Location             Delay type                Incr(ns)  Path(ns)    Netlist Resource(s)
  -------------------------------------------------------------------    -------------------
                         (clock clk_out1_clk_wiz_0 rise edge)
                                                      0.000     0.000 r  
    Y9                                                0.000     0.000 r  clk (IN)
                         net (fo=0)                   0.000     0.000    u_pll/inst/clk_in1
    Y9                   IBUF (Prop_ibuf_I_O)         1.421     1.421 r  u_pll/inst/clkin1_ibufg/O
                         net (fo=1, routed)           1.126     2.547    u_pll/inst/clk_in1_clk_wiz_0
    PLLE2_ADV_X0Y0       PLLE2_ADV (Prop_plle2_adv_CLKIN1_CLKOUT0)
                                                     -7.518    -4.971 r  u_pll/inst/plle2_adv_inst/CLKOUT0
                         net (fo=1, routed)           1.564    -3.407    u_pll/inst/clk_out1_clk_wiz_0
    BUFGCTRL_X0Y0        BUFG (Prop_bufg_I_O)         0.085    -3.322 r  u_pll/inst/clkout1_buf/O
                         net (fo=23, routed)          1.593    -1.729    u_clk_div/bbstub_clk_out1
    SLICE_X111Y47        FDCE                                         r  u_clk_div/cnt_reg[0]/C
  -------------------------------------------------------------------    -------------------
    SLICE_X111Y47        FDCE (Prop_fdce_C_Q)         0.379    -1.350 r  u_clk_div/cnt_reg[0]/Q
                         net (fo=3, routed)           0.820    -0.530    u_clk_div/cnt[0]
    SLICE_X112Y44        CARRY4 (Prop_carry4_CYINIT_CO[3])
                                                      0.494    -0.036 r  u_clk_div/cnt0_carry/CO[3]
                         net (fo=1, routed)           0.000    -0.036    u_clk_div/cnt0_carry_n_0
    SLICE_X112Y45        CARRY4 (Prop_carry4_CI_CO[3])
                                                      0.100     0.064 r  u_clk_div/cnt0_carry__0/CO[3]
                         net (fo=1, routed)           0.000     0.064    u_clk_div/cnt0_carry__0_n_0
    SLICE_X112Y46        CARRY4 (Prop_carry4_CI_O[0])
                                                      0.178     0.242 r  u_clk_div/cnt0_carry__1/O[0]
                         net (fo=1, routed)           0.660     0.903    u_clk_div/data0[9]
    SLICE_X111Y46        LUT6 (Prop_lut6_I5_O)        0.238     1.141 r  u_clk_div/cnt[9]_i_1/O
                         net (fo=1, routed)           0.000     1.141    u_clk_div/cnt_0[9]
    SLICE_X111Y46        FDCE                                         r  u_clk_div/cnt_reg[9]/D
  -------------------------------------------------------------------    -------------------

                         (clock clk_out1_clk_wiz_0 rise edge)
                                                    125.000   125.000 r  
    Y9                                                0.000   125.000 r  clk (IN)
                         net (fo=0)                   0.000   125.000    u_pll/inst/clk_in1
    Y9                   IBUF (Prop_ibuf_I_O)         1.355   126.355 r  u_pll/inst/clkin1_ibufg/O
                         net (fo=1, routed)           1.019   127.374    u_pll/inst/clk_in1_clk_wiz_0
    PLLE2_ADV_X0Y0       PLLE2_ADV (Prop_plle2_adv_CLKIN1_CLKOUT0)
                                                     -6.648   120.726 r  u_pll/inst/plle2_adv_inst/CLKOUT0
                         net (fo=1, routed)           1.423   122.149    u_pll/inst/clk_out1_clk_wiz_0
    BUFGCTRL_X0Y0        BUFG (Prop_bufg_I_O)         0.077   122.226 r  u_pll/inst/clkout1_buf/O
                         net (fo=23, routed)          1.432   123.658    u_clk_div/bbstub_clk_out1
    SLICE_X111Y46        FDCE                                         r  u_clk_div/cnt_reg[9]/C
                         clock pessimism             -0.415   123.243    
                         clock uncertainty           -0.228   123.016    
    SLICE_X111Y46        FDCE (Setup_fdce_C_D)        0.030   123.046    u_clk_div/cnt_reg[9]
  -------------------------------------------------------------------
                         required time                        123.046    
                         arrival time                          -1.141    
  -------------------------------------------------------------------
                         slack                                121.905    

Slack (MET) :             121.939ns  (required time - arrival time)
  Source:                 u_clk_div/cnt_reg[0]/C
                            (rising edge-triggered cell FDCE clocked by clk_out1_clk_wiz_0  {rise@0.000ns fall@62.500ns period=125.000ns})
  Destination:            u_clk_div/cnt_reg[19]/D
                            (rising edge-triggered cell FDCE clocked by clk_out1_clk_wiz_0  {rise@0.000ns fall@62.500ns period=125.000ns})
  Path Group:             clk_out1_clk_wiz_0
  Path Type:              Setup (Max at Slow Process Corner)
  Requirement:            125.000ns  (clk_out1_clk_wiz_0 rise@125.000ns - clk_out1_clk_wiz_0 rise@0.000ns)
  Data Path Delay:        2.837ns  (logic 1.616ns (56.959%)  route 1.221ns (43.041%))
  Logic Levels:           6  (CARRY4=5 LUT6=1)
  Clock Path Skew:        -0.028ns (DCD - SCD + CPR)
    Destination Clock Delay (DCD):    -1.342ns = ( 123.658 - 125.000 ) 
    Source Clock Delay      (SCD):    -1.729ns
    Clock Pessimism Removal (CPR):    -0.415ns
  Clock Uncertainty:      0.228ns  ((TSJ^2 + DJ^2)^1/2) / 2 + PE
    Total System Jitter     (TSJ):    0.071ns
    Discrete Jitter          (DJ):    0.450ns
    Phase Error              (PE):    0.000ns

    Location             Delay type                Incr(ns)  Path(ns)    Netlist Resource(s)
  -------------------------------------------------------------------    -------------------
                         (clock clk_out1_clk_wiz_0 rise edge)
                                                      0.000     0.000 r  
    Y9                                                0.000     0.000 r  clk (IN)
                         net (fo=0)                   0.000     0.000    u_pll/inst/clk_in1
    Y9                   IBUF (Prop_ibuf_I_O)         1.421     1.421 r  u_pll/inst/clkin1_ibufg/O
                         net (fo=1, routed)           1.126     2.547    u_pll/inst/clk_in1_clk_wiz_0
    PLLE2_ADV_X0Y0       PLLE2_ADV (Prop_plle2_adv_CLKIN1_CLKOUT0)
                                                     -7.518    -4.971 r  u_pll/inst/plle2_adv_inst/CLKOUT0
                         net (fo=1, routed)           1.564    -3.407    u_pll/inst/clk_out1_clk_wiz_0
    BUFGCTRL_X0Y0        BUFG (Prop_bufg_I_O)         0.085    -3.322 r  u_pll/inst/clkout1_buf/O
                         net (fo=23, routed)          1.593    -1.729    u_clk_div/bbstub_clk_out1
    SLICE_X111Y47        FDCE                                         r  u_clk_div/cnt_reg[0]/C
  -------------------------------------------------------------------    -------------------
    SLICE_X111Y47        FDCE (Prop_fdce_C_Q)         0.379    -1.350 r  u_clk_div/cnt_reg[0]/Q
                         net (fo=3, routed)           0.820    -0.530    u_clk_div/cnt[0]
    SLICE_X112Y44        CARRY4 (Prop_carry4_CYINIT_CO[3])
                                                      0.494    -0.036 r  u_clk_div/cnt0_carry/CO[3]
                         net (fo=1, routed)           0.000    -0.036    u_clk_div/cnt0_carry_n_0
    SLICE_X112Y45        CARRY4 (Prop_carry4_CI_CO[3])
                                                      0.100     0.064 r  u_clk_div/cnt0_carry__0/CO[3]
                         net (fo=1, routed)           0.000     0.064    u_clk_div/cnt0_carry__0_n_0
    SLICE_X112Y46        CARRY4 (Prop_carry4_CI_CO[3])
                                                      0.100     0.164 r  u_clk_div/cnt0_carry__1/CO[3]
                         net (fo=1, routed)           0.000     0.164    u_clk_div/cnt0_carry__1_n_0
    SLICE_X112Y47        CARRY4 (Prop_carry4_CI_CO[3])
                                                      0.100     0.264 r  u_clk_div/cnt0_carry__2/CO[3]
                         net (fo=1, routed)           0.000     0.264    u_clk_div/cnt0_carry__2_n_0
    SLICE_X112Y48        CARRY4 (Prop_carry4_CI_O[2])
                                                      0.199     0.463 r  u_clk_div/cnt0_carry__3/O[2]
                         net (fo=1, routed)           0.401     0.865    u_clk_div/data0[19]
    SLICE_X113Y48        LUT6 (Prop_lut6_I5_O)        0.244     1.109 r  u_clk_div/cnt[19]_i_1/O
                         net (fo=1, routed)           0.000     1.109    u_clk_div/cnt_0[19]
    SLICE_X113Y48        FDCE                                         r  u_clk_div/cnt_reg[19]/D
  -------------------------------------------------------------------    -------------------

                         (clock clk_out1_clk_wiz_0 rise edge)
                                                    125.000   125.000 r  
    Y9                                                0.000   125.000 r  clk (IN)
                         net (fo=0)                   0.000   125.000    u_pll/inst/clk_in1
    Y9                   IBUF (Prop_ibuf_I_O)         1.355   126.355 r  u_pll/inst/clkin1_ibufg/O
                         net (fo=1, routed)           1.019   127.374    u_pll/inst/clk_in1_clk_wiz_0
    PLLE2_ADV_X0Y0       PLLE2_ADV (Prop_plle2_adv_CLKIN1_CLKOUT0)
                                                     -6.648   120.726 r  u_pll/inst/plle2_adv_inst/CLKOUT0
                         net (fo=1, routed)           1.423   122.149    u_pll/inst/clk_out1_clk_wiz_0
    BUFGCTRL_X0Y0        BUFG (Prop_bufg_I_O)         0.077   122.226 r  u_pll/inst/clkout1_buf/O
                         net (fo=23, routed)          1.432   123.658    u_clk_div/bbstub_clk_out1
    SLICE_X113Y48        FDCE                                         r  u_clk_div/cnt_reg[19]/C
                         clock pessimism             -0.415   123.243    
                         clock uncertainty           -0.228   123.016    
    SLICE_X113Y48        FDCE (Setup_fdce_C_D)        0.032   123.048    u_clk_div/cnt_reg[19]
  -------------------------------------------------------------------
                         required time                        123.048    
                         arrival time                          -1.109    
  -------------------------------------------------------------------
                         slack                                121.939    

Slack (MET) :             121.962ns  (required time - arrival time)
  Source:                 u_clk_div/cnt_reg[0]/C
                            (rising edge-triggered cell FDCE clocked by clk_out1_clk_wiz_0  {rise@0.000ns fall@62.500ns period=125.000ns})
  Destination:            u_clk_div/cnt_reg[18]/D
                            (rising edge-triggered cell FDCE clocked by clk_out1_clk_wiz_0  {rise@0.000ns fall@62.500ns period=125.000ns})
  Path Group:             clk_out1_clk_wiz_0
  Path Type:              Setup (Max at Slow Process Corner)
  Requirement:            125.000ns  (clk_out1_clk_wiz_0 rise@125.000ns - clk_out1_clk_wiz_0 rise@0.000ns)
  Data Path Delay:        2.812ns  (logic 1.675ns (59.567%)  route 1.137ns (40.433%))
  Logic Levels:           6  (CARRY4=5 LUT6=1)
  Clock Path Skew:        -0.028ns (DCD - SCD + CPR)
    Destination Clock Delay (DCD):    -1.342ns = ( 123.658 - 125.000 ) 
    Source Clock Delay      (SCD):    -1.729ns
    Clock Pessimism Removal (CPR):    -0.415ns
  Clock Uncertainty:      0.228ns  ((TSJ^2 + DJ^2)^1/2) / 2 + PE
    Total System Jitter     (TSJ):    0.071ns
    Discrete Jitter          (DJ):    0.450ns
    Phase Error              (PE):    0.000ns

    Location             Delay type                Incr(ns)  Path(ns)    Netlist Resource(s)
  -------------------------------------------------------------------    -------------------
                         (clock clk_out1_clk_wiz_0 rise edge)
                                                      0.000     0.000 r  
    Y9                                                0.000     0.000 r  clk (IN)
                         net (fo=0)                   0.000     0.000    u_pll/inst/clk_in1
    Y9                   IBUF (Prop_ibuf_I_O)         1.421     1.421 r  u_pll/inst/clkin1_ibufg/O
                         net (fo=1, routed)           1.126     2.547    u_pll/inst/clk_in1_clk_wiz_0
    PLLE2_ADV_X0Y0       PLLE2_ADV (Prop_plle2_adv_CLKIN1_CLKOUT0)
                                                     -7.518    -4.971 r  u_pll/inst/plle2_adv_inst/CLKOUT0
                         net (fo=1, routed)           1.564    -3.407    u_pll/inst/clk_out1_clk_wiz_0
    BUFGCTRL_X0Y0        BUFG (Prop_bufg_I_O)         0.085    -3.322 r  u_pll/inst/clkout1_buf/O
                         net (fo=23, routed)          1.593    -1.729    u_clk_div/bbstub_clk_out1
    SLICE_X111Y47        FDCE                                         r  u_clk_div/cnt_reg[0]/C
  -------------------------------------------------------------------    -------------------
    SLICE_X111Y47        FDCE (Prop_fdce_C_Q)         0.379    -1.350 r  u_clk_div/cnt_reg[0]/Q
                         net (fo=3, routed)           0.820    -0.530    u_clk_div/cnt[0]
    SLICE_X112Y44        CARRY4 (Prop_carry4_CYINIT_CO[3])
                                                      0.494    -0.036 r  u_clk_div/cnt0_carry/CO[3]
                         net (fo=1, routed)           0.000    -0.036    u_clk_div/cnt0_carry_n_0
    SLICE_X112Y45        CARRY4 (Prop_carry4_CI_CO[3])
                                                      0.100     0.064 r  u_clk_div/cnt0_carry__0/CO[3]
                         net (fo=1, routed)           0.000     0.064    u_clk_div/cnt0_carry__0_n_0
    SLICE_X112Y46        CARRY4 (Prop_carry4_CI_CO[3])
                                                      0.100     0.164 r  u_clk_div/cnt0_carry__1/CO[3]
                         net (fo=1, routed)           0.000     0.164    u_clk_div/cnt0_carry__1_n_0
    SLICE_X112Y47        CARRY4 (Prop_carry4_CI_CO[3])
                                                      0.100     0.264 r  u_clk_div/cnt0_carry__2/CO[3]
                         net (fo=1, routed)           0.000     0.264    u_clk_div/cnt0_carry__2_n_0
    SLICE_X112Y48        CARRY4 (Prop_carry4_CI_O[1])
                                                      0.257     0.521 r  u_clk_div/cnt0_carry__3/O[1]
                         net (fo=1, routed)           0.317     0.838    u_clk_div/data0[18]
    SLICE_X113Y48        LUT6 (Prop_lut6_I5_O)        0.245     1.083 r  u_clk_div/cnt[18]_i_1/O
                         net (fo=1, routed)           0.000     1.083    u_clk_div/cnt_0[18]
    SLICE_X113Y48        FDCE                                         r  u_clk_div/cnt_reg[18]/D
  -------------------------------------------------------------------    -------------------

                         (clock clk_out1_clk_wiz_0 rise edge)
                                                    125.000   125.000 r  
    Y9                                                0.000   125.000 r  clk (IN)
                         net (fo=0)                   0.000   125.000    u_pll/inst/clk_in1
    Y9                   IBUF (Prop_ibuf_I_O)         1.355   126.355 r  u_pll/inst/clkin1_ibufg/O
                         net (fo=1, routed)           1.019   127.374    u_pll/inst/clk_in1_clk_wiz_0
    PLLE2_ADV_X0Y0       PLLE2_ADV (Prop_plle2_adv_CLKIN1_CLKOUT0)
                                                     -6.648   120.726 r  u_pll/inst/plle2_adv_inst/CLKOUT0
                         net (fo=1, routed)           1.423   122.149    u_pll/inst/clk_out1_clk_wiz_0
    BUFGCTRL_X0Y0        BUFG (Prop_bufg_I_O)         0.077   122.226 r  u_pll/inst/clkout1_buf/O
                         net (fo=23, routed)          1.432   123.658    u_clk_div/bbstub_clk_out1
    SLICE_X113Y48        FDCE                                         r  u_clk_div/cnt_reg[18]/C
                         clock pessimism             -0.415   123.243    
                         clock uncertainty           -0.228   123.016    
    SLICE_X113Y48        FDCE (Setup_fdce_C_D)        0.030   123.046    u_clk_div/cnt_reg[18]
  -------------------------------------------------------------------
                         required time                        123.046    
                         arrival time                          -1.083    
  -------------------------------------------------------------------
                         slack                                121.962    

Slack (MET) :             122.039ns  (required time - arrival time)
  Source:                 u_clk_div/cnt_reg[0]/C
                            (rising edge-triggered cell FDCE clocked by clk_out1_clk_wiz_0  {rise@0.000ns fall@62.500ns period=125.000ns})
  Destination:            u_clk_div/cnt_reg[15]/D
                            (rising edge-triggered cell FDCE clocked by clk_out1_clk_wiz_0  {rise@0.000ns fall@62.500ns period=125.000ns})
  Path Group:             clk_out1_clk_wiz_0
  Path Type:              Setup (Max at Slow Process Corner)
  Requirement:            125.000ns  (clk_out1_clk_wiz_0 rise@125.000ns - clk_out1_clk_wiz_0 rise@0.000ns)
  Data Path Delay:        2.737ns  (logic 1.516ns (55.387%)  route 1.221ns (44.613%))
  Logic Levels:           5  (CARRY4=4 LUT6=1)
  Clock Path Skew:        -0.028ns (DCD - SCD + CPR)
    Destination Clock Delay (DCD):    -1.342ns = ( 123.658 - 125.000 ) 
    Source Clock Delay      (SCD):    -1.729ns
    Clock Pessimism Removal (CPR):    -0.415ns
  Clock Uncertainty:      0.228ns  ((TSJ^2 + DJ^2)^1/2) / 2 + PE
    Total System Jitter     (TSJ):    0.071ns
    Discrete Jitter          (DJ):    0.450ns
    Phase Error              (PE):    0.000ns

    Location             Delay type                Incr(ns)  Path(ns)    Netlist Resource(s)
  -------------------------------------------------------------------    -------------------
                         (clock clk_out1_clk_wiz_0 rise edge)
                                                      0.000     0.000 r  
    Y9                                                0.000     0.000 r  clk (IN)
                         net (fo=0)                   0.000     0.000    u_pll/inst/clk_in1
    Y9                   IBUF (Prop_ibuf_I_O)         1.421     1.421 r  u_pll/inst/clkin1_ibufg/O
                         net (fo=1, routed)           1.126     2.547    u_pll/inst/clk_in1_clk_wiz_0
    PLLE2_ADV_X0Y0       PLLE2_ADV (Prop_plle2_adv_CLKIN1_CLKOUT0)
                                                     -7.518    -4.971 r  u_pll/inst/plle2_adv_inst/CLKOUT0
                         net (fo=1, routed)           1.564    -3.407    u_pll/inst/clk_out1_clk_wiz_0
    BUFGCTRL_X0Y0        BUFG (Prop_bufg_I_O)         0.085    -3.322 r  u_pll/inst/clkout1_buf/O
                         net (fo=23, routed)          1.593    -1.729    u_clk_div/bbstub_clk_out1
    SLICE_X111Y47        FDCE                                         r  u_clk_div/cnt_reg[0]/C
  -------------------------------------------------------------------    -------------------
    SLICE_X111Y47        FDCE (Prop_fdce_C_Q)         0.379    -1.350 r  u_clk_div/cnt_reg[0]/Q
                         net (fo=3, routed)           0.820    -0.530    u_clk_div/cnt[0]
    SLICE_X112Y44        CARRY4 (Prop_carry4_CYINIT_CO[3])
                                                      0.494    -0.036 r  u_clk_div/cnt0_carry/CO[3]
                         net (fo=1, routed)           0.000    -0.036    u_clk_div/cnt0_carry_n_0
    SLICE_X112Y45        CARRY4 (Prop_carry4_CI_CO[3])
                                                      0.100     0.064 r  u_clk_div/cnt0_carry__0/CO[3]
                         net (fo=1, routed)           0.000     0.064    u_clk_div/cnt0_carry__0_n_0
    SLICE_X112Y46        CARRY4 (Prop_carry4_CI_CO[3])
                                                      0.100     0.164 r  u_clk_div/cnt0_carry__1/CO[3]
                         net (fo=1, routed)           0.000     0.164    u_clk_div/cnt0_carry__1_n_0
    SLICE_X112Y47        CARRY4 (Prop_carry4_CI_O[2])
                                                      0.199     0.363 r  u_clk_div/cnt0_carry__2/O[2]
                         net (fo=1, routed)           0.401     0.765    u_clk_div/data0[15]
    SLICE_X113Y47        LUT6 (Prop_lut6_I5_O)        0.244     1.009 r  u_clk_div/cnt[15]_i_1/O
                         net (fo=1, routed)           0.000     1.009    u_clk_div/cnt_0[15]
    SLICE_X113Y47        FDCE                                         r  u_clk_div/cnt_reg[15]/D
  -------------------------------------------------------------------    -------------------

                         (clock clk_out1_clk_wiz_0 rise edge)
                                                    125.000   125.000 r  
    Y9                                                0.000   125.000 r  clk (IN)
                         net (fo=0)                   0.000   125.000    u_pll/inst/clk_in1
    Y9                   IBUF (Prop_ibuf_I_O)         1.355   126.355 r  u_pll/inst/clkin1_ibufg/O
                         net (fo=1, routed)           1.019   127.374    u_pll/inst/clk_in1_clk_wiz_0
    PLLE2_ADV_X0Y0       PLLE2_ADV (Prop_plle2_adv_CLKIN1_CLKOUT0)
                                                     -6.648   120.726 r  u_pll/inst/plle2_adv_inst/CLKOUT0
                         net (fo=1, routed)           1.423   122.149    u_pll/inst/clk_out1_clk_wiz_0
    BUFGCTRL_X0Y0        BUFG (Prop_bufg_I_O)         0.077   122.226 r  u_pll/inst/clkout1_buf/O
                         net (fo=23, routed)          1.432   123.658    u_clk_div/bbstub_clk_out1
    SLICE_X113Y47        FDCE                                         r  u_clk_div/cnt_reg[15]/C
                         clock pessimism             -0.415   123.243    
                         clock uncertainty           -0.228   123.016    
    SLICE_X113Y47        FDCE (Setup_fdce_C_D)        0.032   123.048    u_clk_div/cnt_reg[15]
  -------------------------------------------------------------------
                         required time                        123.048    
                         arrival time                          -1.009    
  -------------------------------------------------------------------
                         slack                                122.039    





Min Delay Paths
--------------------------------------------------------------------------------------
Slack (MET) :             0.325ns  (arrival time - required time)
  Source:                 u_clk_div/cnt_reg[0]/C
                            (rising edge-triggered cell FDCE clocked by clk_out1_clk_wiz_0  {rise@0.000ns fall@62.500ns period=125.000ns})
  Destination:            u_clk_div/cnt_reg[0]/D
                            (rising edge-triggered cell FDCE clocked by clk_out1_clk_wiz_0  {rise@0.000ns fall@62.500ns period=125.000ns})
  Path Group:             clk_out1_clk_wiz_0
  Path Type:              Hold (Min at Fast Process Corner)
  Requirement:            0.000ns  (clk_out1_clk_wiz_0 rise@0.000ns - clk_out1_clk_wiz_0 rise@0.000ns)
  Data Path Delay:        0.417ns  (logic 0.186ns (44.592%)  route 0.231ns (55.408%))
  Logic Levels:           1  (LUT1=1)
  Clock Path Skew:        0.000ns (DCD - SCD - CPR)
    Destination Clock Delay (DCD):    -0.252ns
    Source Clock Delay      (SCD):    -0.486ns
    Clock Pessimism Removal (CPR):    0.234ns

    Location             Delay type                Incr(ns)  Path(ns)    Netlist Resource(s)
  -------------------------------------------------------------------    -------------------
                         (clock clk_out1_clk_wiz_0 rise edge)
                                                      0.000     0.000 r  
    Y9                                                0.000     0.000 r  clk (IN)
                         net (fo=0)                   0.000     0.000    u_pll/inst/clk_in1
    Y9                   IBUF (Prop_ibuf_I_O)         0.258     0.258 r  u_pll/inst/clkin1_ibufg/O
                         net (fo=1, routed)           0.440     0.698    u_pll/inst/clk_in1_clk_wiz_0
    PLLE2_ADV_X0Y0       PLLE2_ADV (Prop_plle2_adv_CLKIN1_CLKOUT0)
                                                     -2.384    -1.685 r  u_pll/inst/plle2_adv_inst/CLKOUT0
                         net (fo=1, routed)           0.533    -1.152    u_pll/inst/clk_out1_clk_wiz_0
    BUFGCTRL_X0Y0        BUFG (Prop_bufg_I_O)         0.026    -1.126 r  u_pll/inst/clkout1_buf/O
                         net (fo=23, routed)          0.641    -0.486    u_clk_div/bbstub_clk_out1
    SLICE_X111Y47        FDCE                                         r  u_clk_div/cnt_reg[0]/C
  -------------------------------------------------------------------    -------------------
    SLICE_X111Y47        FDCE (Prop_fdce_C_Q)         0.141    -0.345 f  u_clk_div/cnt_reg[0]/Q
                         net (fo=3, routed)           0.231    -0.114    u_clk_div/cnt[0]
    SLICE_X111Y47        LUT1 (Prop_lut1_I0_O)        0.045    -0.069 r  u_clk_div/cnt[0]_i_1/O
                         net (fo=1, routed)           0.000    -0.069    u_clk_div/cnt_0[0]
    SLICE_X111Y47        FDCE                                         r  u_clk_div/cnt_reg[0]/D
  -------------------------------------------------------------------    -------------------

                         (clock clk_out1_clk_wiz_0 rise edge)
                                                      0.000     0.000 r  
    Y9                                                0.000     0.000 r  clk (IN)
                         net (fo=0)                   0.000     0.000    u_pll/inst/clk_in1
    Y9                   IBUF (Prop_ibuf_I_O)         0.446     0.446 r  u_pll/inst/clkin1_ibufg/O
                         net (fo=1, routed)           0.481     0.927    u_pll/inst/clk_in1_clk_wiz_0
    PLLE2_ADV_X0Y0       PLLE2_ADV (Prop_plle2_adv_CLKIN1_CLKOUT0)
                                                     -2.700    -1.773 r  u_pll/inst/plle2_adv_inst/CLKOUT0
                         net (fo=1, routed)           0.580    -1.193    u_pll/inst/clk_out1_clk_wiz_0
    BUFGCTRL_X0Y0        BUFG (Prop_bufg_I_O)         0.029    -1.164 r  u_pll/inst/clkout1_buf/O
                         net (fo=23, routed)          0.912    -0.252    u_clk_div/bbstub_clk_out1
    SLICE_X111Y47        FDCE                                         r  u_clk_div/cnt_reg[0]/C
                         clock pessimism             -0.234    -0.486    
    SLICE_X111Y47        FDCE (Hold_fdce_C_D)         0.092    -0.394    u_clk_div/cnt_reg[0]
  -------------------------------------------------------------------
                         required time                          0.394    
                         arrival time                          -0.069    
  -------------------------------------------------------------------
                         slack                                  0.325    

Slack (MET) :             0.391ns  (arrival time - required time)
  Source:                 u_clk_div/cnt_reg[17]/C
                            (rising edge-triggered cell FDCE clocked by clk_out1_clk_wiz_0  {rise@0.000ns fall@62.500ns period=125.000ns})
  Destination:            u_clk_div/cnt_reg[16]/D
                            (rising edge-triggered cell FDCE clocked by clk_out1_clk_wiz_0  {rise@0.000ns fall@62.500ns period=125.000ns})
  Path Group:             clk_out1_clk_wiz_0
  Path Type:              Hold (Min at Fast Process Corner)
  Requirement:            0.000ns  (clk_out1_clk_wiz_0 rise@0.000ns - clk_out1_clk_wiz_0 rise@0.000ns)
  Data Path Delay:        0.499ns  (logic 0.231ns (46.278%)  route 0.268ns (53.722%))
  Logic Levels:           2  (LUT4=1 LUT6=1)
  Clock Path Skew:        0.016ns (DCD - SCD - CPR)
    Destination Clock Delay (DCD):    -0.252ns
    Source Clock Delay      (SCD):    -0.486ns
    Clock Pessimism Removal (CPR):    0.218ns

    Location             Delay type                Incr(ns)  Path(ns)    Netlist Resource(s)
  -------------------------------------------------------------------    -------------------
                         (clock clk_out1_clk_wiz_0 rise edge)
                                                      0.000     0.000 r  
    Y9                                                0.000     0.000 r  clk (IN)
                         net (fo=0)                   0.000     0.000    u_pll/inst/clk_in1
    Y9                   IBUF (Prop_ibuf_I_O)         0.258     0.258 r  u_pll/inst/clkin1_ibufg/O
                         net (fo=1, routed)           0.440     0.698    u_pll/inst/clk_in1_clk_wiz_0
    PLLE2_ADV_X0Y0       PLLE2_ADV (Prop_plle2_adv_CLKIN1_CLKOUT0)
                                                     -2.384    -1.685 r  u_pll/inst/plle2_adv_inst/CLKOUT0
                         net (fo=1, routed)           0.533    -1.152    u_pll/inst/clk_out1_clk_wiz_0
    BUFGCTRL_X0Y0        BUFG (Prop_bufg_I_O)         0.026    -1.126 r  u_pll/inst/clkout1_buf/O
                         net (fo=23, routed)          0.641    -0.486    u_clk_div/bbstub_clk_out1
    SLICE_X113Y49        FDCE                                         r  u_clk_div/cnt_reg[17]/C
  -------------------------------------------------------------------    -------------------
    SLICE_X113Y49        FDCE (Prop_fdce_C_Q)         0.141    -0.345 r  u_clk_div/cnt_reg[17]/Q
                         net (fo=2, routed)           0.167    -0.177    u_clk_div/cnt[17]
    SLICE_X113Y47        LUT4 (Prop_lut4_I3_O)        0.045    -0.132 r  u_clk_div/cnt[21]_i_5/O
                         net (fo=22, routed)          0.101    -0.032    u_clk_div/cnt[21]_i_5_n_0
    SLICE_X113Y47        LUT6 (Prop_lut6_I2_O)        0.045     0.013 r  u_clk_div/cnt[16]_i_1/O
                         net (fo=1, routed)           0.000     0.013    u_clk_div/cnt_0[16]
    SLICE_X113Y47        FDCE                                         r  u_clk_div/cnt_reg[16]/D
  -------------------------------------------------------------------    -------------------

                         (clock clk_out1_clk_wiz_0 rise edge)
                                                      0.000     0.000 r  
    Y9                                                0.000     0.000 r  clk (IN)
                         net (fo=0)                   0.000     0.000    u_pll/inst/clk_in1
    Y9                   IBUF (Prop_ibuf_I_O)         0.446     0.446 r  u_pll/inst/clkin1_ibufg/O
                         net (fo=1, routed)           0.481     0.927    u_pll/inst/clk_in1_clk_wiz_0
    PLLE2_ADV_X0Y0       PLLE2_ADV (Prop_plle2_adv_CLKIN1_CLKOUT0)
                                                     -2.700    -1.773 r  u_pll/inst/plle2_adv_inst/CLKOUT0
                         net (fo=1, routed)           0.580    -1.193    u_pll/inst/clk_out1_clk_wiz_0
    BUFGCTRL_X0Y0        BUFG (Prop_bufg_I_O)         0.029    -1.164 r  u_pll/inst/clkout1_buf/O
                         net (fo=23, routed)          0.912    -0.252    u_clk_div/bbstub_clk_out1
    SLICE_X113Y47        FDCE                                         r  u_clk_div/cnt_reg[16]/C
                         clock pessimism             -0.218    -0.470    
    SLICE_X113Y47        FDCE (Hold_fdce_C_D)         0.092    -0.378    u_clk_div/cnt_reg[16]
  -------------------------------------------------------------------
                         required time                          0.378    
                         arrival time                           0.013    
  -------------------------------------------------------------------
                         slack                                  0.391    

Slack (MET) :             0.393ns  (arrival time - required time)
  Source:                 u_clk_div/cnt_reg[7]/C
                            (rising edge-triggered cell FDCE clocked by clk_out1_clk_wiz_0  {rise@0.000ns fall@62.500ns period=125.000ns})
  Destination:            u_clk_div/cnt_reg[8]/D
                            (rising edge-triggered cell FDCE clocked by clk_out1_clk_wiz_0  {rise@0.000ns fall@62.500ns period=125.000ns})
  Path Group:             clk_out1_clk_wiz_0
  Path Type:              Hold (Min at Fast Process Corner)
  Requirement:            0.000ns  (clk_out1_clk_wiz_0 rise@0.000ns - clk_out1_clk_wiz_0 rise@0.000ns)
  Data Path Delay:        0.500ns  (logic 0.231ns (46.236%)  route 0.269ns (53.764%))
  Logic Levels:           2  (LUT4=1 LUT6=1)
  Clock Path Skew:        0.016ns (DCD - SCD - CPR)
    Destination Clock Delay (DCD):    -0.253ns
    Source Clock Delay      (SCD):    -0.487ns
    Clock Pessimism Removal (CPR):    0.218ns

    Location             Delay type                Incr(ns)  Path(ns)    Netlist Resource(s)
  -------------------------------------------------------------------    -------------------
                         (clock clk_out1_clk_wiz_0 rise edge)
                                                      0.000     0.000 r  
    Y9                                                0.000     0.000 r  clk (IN)
                         net (fo=0)                   0.000     0.000    u_pll/inst/clk_in1
    Y9                   IBUF (Prop_ibuf_I_O)         0.258     0.258 r  u_pll/inst/clkin1_ibufg/O
                         net (fo=1, routed)           0.440     0.698    u_pll/inst/clk_in1_clk_wiz_0
    PLLE2_ADV_X0Y0       PLLE2_ADV (Prop_plle2_adv_CLKIN1_CLKOUT0)
                                                     -2.384    -1.685 r  u_pll/inst/plle2_adv_inst/CLKOUT0
                         net (fo=1, routed)           0.533    -1.152    u_pll/inst/clk_out1_clk_wiz_0
    BUFGCTRL_X0Y0        BUFG (Prop_bufg_I_O)         0.026    -1.126 r  u_pll/inst/clkout1_buf/O
                         net (fo=23, routed)          0.640    -0.487    u_clk_div/bbstub_clk_out1
    SLICE_X113Y45        FDCE                                         r  u_clk_div/cnt_reg[7]/C
  -------------------------------------------------------------------    -------------------
    SLICE_X113Y45        FDCE (Prop_fdce_C_Q)         0.141    -0.346 f  u_clk_div/cnt_reg[7]/Q
                         net (fo=2, routed)           0.103    -0.243    u_clk_div/cnt[7]
    SLICE_X111Y45        LUT4 (Prop_lut4_I0_O)        0.045    -0.198 r  u_clk_div/cnt[21]_i_6/O
                         net (fo=22, routed)          0.166    -0.032    u_clk_div/cnt[21]_i_6_n_0
    SLICE_X111Y45        LUT6 (Prop_lut6_I3_O)        0.045     0.013 r  u_clk_div/cnt[8]_i_1/O
                         net (fo=1, routed)           0.000     0.013    u_clk_div/cnt_0[8]
    SLICE_X111Y45        FDCE                                         r  u_clk_div/cnt_reg[8]/D
  -------------------------------------------------------------------    -------------------

                         (clock clk_out1_clk_wiz_0 rise edge)
                                                      0.000     0.000 r  
    Y9                                                0.000     0.000 r  clk (IN)
                         net (fo=0)                   0.000     0.000    u_pll/inst/clk_in1
    Y9                   IBUF (Prop_ibuf_I_O)         0.446     0.446 r  u_pll/inst/clkin1_ibufg/O
                         net (fo=1, routed)           0.481     0.927    u_pll/inst/clk_in1_clk_wiz_0
    PLLE2_ADV_X0Y0       PLLE2_ADV (Prop_plle2_adv_CLKIN1_CLKOUT0)
                                                     -2.700    -1.773 r  u_pll/inst/plle2_adv_inst/CLKOUT0
                         net (fo=1, routed)           0.580    -1.193    u_pll/inst/clk_out1_clk_wiz_0
    BUFGCTRL_X0Y0        BUFG (Prop_bufg_I_O)         0.029    -1.164 r  u_pll/inst/clkout1_buf/O
                         net (fo=23, routed)          0.911    -0.253    u_clk_div/bbstub_clk_out1
    SLICE_X111Y45        FDCE                                         r  u_clk_div/cnt_reg[8]/C
                         clock pessimism             -0.218    -0.471    
    SLICE_X111Y45        FDCE (Hold_fdce_C_D)         0.091    -0.380    u_clk_div/cnt_reg[8]
  -------------------------------------------------------------------
                         required time                          0.380    
                         arrival time                           0.013    
  -------------------------------------------------------------------
                         slack                                  0.393    

Slack (MET) :             0.399ns  (arrival time - required time)
  Source:                 u_clk_div/cnt_reg[7]/C
                            (rising edge-triggered cell FDCE clocked by clk_out1_clk_wiz_0  {rise@0.000ns fall@62.500ns period=125.000ns})
  Destination:            u_clk_div/cnt_reg[1]/D
                            (rising edge-triggered cell FDCE clocked by clk_out1_clk_wiz_0  {rise@0.000ns fall@62.500ns period=125.000ns})
  Path Group:             clk_out1_clk_wiz_0
  Path Type:              Hold (Min at Fast Process Corner)
  Requirement:            0.000ns  (clk_out1_clk_wiz_0 rise@0.000ns - clk_out1_clk_wiz_0 rise@0.000ns)
  Data Path Delay:        0.490ns  (logic 0.231ns (47.182%)  route 0.259ns (52.818%))
  Logic Levels:           2  (LUT4=1 LUT6=1)
  Clock Path Skew:        0.000ns (DCD - SCD - CPR)
    Destination Clock Delay (DCD):    -0.253ns
    Source Clock Delay      (SCD):    -0.487ns
    Clock Pessimism Removal (CPR):    0.234ns

    Location             Delay type                Incr(ns)  Path(ns)    Netlist Resource(s)
  -------------------------------------------------------------------    -------------------
                         (clock clk_out1_clk_wiz_0 rise edge)
                                                      0.000     0.000 r  
    Y9                                                0.000     0.000 r  clk (IN)
                         net (fo=0)                   0.000     0.000    u_pll/inst/clk_in1
    Y9                   IBUF (Prop_ibuf_I_O)         0.258     0.258 r  u_pll/inst/clkin1_ibufg/O
                         net (fo=1, routed)           0.440     0.698    u_pll/inst/clk_in1_clk_wiz_0
    PLLE2_ADV_X0Y0       PLLE2_ADV (Prop_plle2_adv_CLKIN1_CLKOUT0)
                                                     -2.384    -1.685 r  u_pll/inst/plle2_adv_inst/CLKOUT0
                         net (fo=1, routed)           0.533    -1.152    u_pll/inst/clk_out1_clk_wiz_0
    BUFGCTRL_X0Y0        BUFG (Prop_bufg_I_O)         0.026    -1.126 r  u_pll/inst/clkout1_buf/O
                         net (fo=23, routed)          0.640    -0.487    u_clk_div/bbstub_clk_out1
    SLICE_X113Y45        FDCE                                         r  u_clk_div/cnt_reg[7]/C
  -------------------------------------------------------------------    -------------------
    SLICE_X113Y45        FDCE (Prop_fdce_C_Q)         0.141    -0.346 f  u_clk_div/cnt_reg[7]/Q
                         net (fo=2, routed)           0.103    -0.243    u_clk_div/cnt[7]
    SLICE_X111Y45        LUT4 (Prop_lut4_I0_O)        0.045    -0.198 r  u_clk_div/cnt[21]_i_6/O
                         net (fo=22, routed)          0.156    -0.042    u_clk_div/cnt[21]_i_6_n_0
    SLICE_X113Y45        LUT6 (Prop_lut6_I3_O)        0.045     0.003 r  u_clk_div/cnt[1]_i_1/O
                         net (fo=1, routed)           0.000     0.003    u_clk_div/cnt_0[1]
    SLICE_X113Y45        FDCE                                         r  u_clk_div/cnt_reg[1]/D
  -------------------------------------------------------------------    -------------------

                         (clock clk_out1_clk_wiz_0 rise edge)
                                                      0.000     0.000 r  
    Y9                                                0.000     0.000 r  clk (IN)
                         net (fo=0)                   0.000     0.000    u_pll/inst/clk_in1
    Y9                   IBUF (Prop_ibuf_I_O)         0.446     0.446 r  u_pll/inst/clkin1_ibufg/O
                         net (fo=1, routed)           0.481     0.927    u_pll/inst/clk_in1_clk_wiz_0
    PLLE2_ADV_X0Y0       PLLE2_ADV (Prop_plle2_adv_CLKIN1_CLKOUT0)
                                                     -2.700    -1.773 r  u_pll/inst/plle2_adv_inst/CLKOUT0
                         net (fo=1, routed)           0.580    -1.193    u_pll/inst/clk_out1_clk_wiz_0
    BUFGCTRL_X0Y0        BUFG (Prop_bufg_I_O)         0.029    -1.164 r  u_pll/inst/clkout1_buf/O
                         net (fo=23, routed)          0.911    -0.253    u_clk_div/bbstub_clk_out1
    SLICE_X113Y45        FDCE                                         r  u_clk_div/cnt_reg[1]/C
                         clock pessimism             -0.234    -0.487    
    SLICE_X113Y45        FDCE (Hold_fdce_C_D)         0.091    -0.396    u_clk_div/cnt_reg[1]
  -------------------------------------------------------------------
                         required time                          0.396    
                         arrival time                           0.003    
  -------------------------------------------------------------------
                         slack                                  0.399    

Slack (MET) :             0.400ns  (arrival time - required time)
  Source:                 u_clk_div/cnt_reg[7]/C
                            (rising edge-triggered cell FDCE clocked by clk_out1_clk_wiz_0  {rise@0.000ns fall@62.500ns period=125.000ns})
  Destination:            u_clk_div/cnt_reg[5]/D
                            (rising edge-triggered cell FDCE clocked by clk_out1_clk_wiz_0  {rise@0.000ns fall@62.500ns period=125.000ns})
  Path Group:             clk_out1_clk_wiz_0
  Path Type:              Hold (Min at Fast Process Corner)
  Requirement:            0.000ns  (clk_out1_clk_wiz_0 rise@0.000ns - clk_out1_clk_wiz_0 rise@0.000ns)
  Data Path Delay:        0.492ns  (logic 0.231ns (46.926%)  route 0.261ns (53.074%))
  Logic Levels:           2  (LUT4=1 LUT6=1)
  Clock Path Skew:        0.000ns (DCD - SCD - CPR)
    Destination Clock Delay (DCD):    -0.253ns
    Source Clock Delay      (SCD):    -0.487ns
    Clock Pessimism Removal (CPR):    0.234ns

    Location             Delay type                Incr(ns)  Path(ns)    Netlist Resource(s)
  -------------------------------------------------------------------    -------------------
                         (clock clk_out1_clk_wiz_0 rise edge)
                                                      0.000     0.000 r  
    Y9                                                0.000     0.000 r  clk (IN)
                         net (fo=0)                   0.000     0.000    u_pll/inst/clk_in1
    Y9                   IBUF (Prop_ibuf_I_O)         0.258     0.258 r  u_pll/inst/clkin1_ibufg/O
                         net (fo=1, routed)           0.440     0.698    u_pll/inst/clk_in1_clk_wiz_0
    PLLE2_ADV_X0Y0       PLLE2_ADV (Prop_plle2_adv_CLKIN1_CLKOUT0)
                                                     -2.384    -1.685 r  u_pll/inst/plle2_adv_inst/CLKOUT0
                         net (fo=1, routed)           0.533    -1.152    u_pll/inst/clk_out1_clk_wiz_0
    BUFGCTRL_X0Y0        BUFG (Prop_bufg_I_O)         0.026    -1.126 r  u_pll/inst/clkout1_buf/O
                         net (fo=23, routed)          0.640    -0.487    u_clk_div/bbstub_clk_out1
    SLICE_X113Y45        FDCE                                         r  u_clk_div/cnt_reg[7]/C
  -------------------------------------------------------------------    -------------------
    SLICE_X113Y45        FDCE (Prop_fdce_C_Q)         0.141    -0.346 f  u_clk_div/cnt_reg[7]/Q
                         net (fo=2, routed)           0.103    -0.243    u_clk_div/cnt[7]
    SLICE_X111Y45        LUT4 (Prop_lut4_I0_O)        0.045    -0.198 r  u_clk_div/cnt[21]_i_6/O
                         net (fo=22, routed)          0.158    -0.039    u_clk_div/cnt[21]_i_6_n_0
    SLICE_X113Y45        LUT6 (Prop_lut6_I3_O)        0.045     0.006 r  u_clk_div/cnt[5]_i_1/O
                         net (fo=1, routed)           0.000     0.006    u_clk_div/cnt_0[5]
    SLICE_X113Y45        FDCE                                         r  u_clk_div/cnt_reg[5]/D
  -------------------------------------------------------------------    -------------------

                         (clock clk_out1_clk_wiz_0 rise edge)
                                                      0.000     0.000 r  
    Y9                                                0.000     0.000 r  clk (IN)
                         net (fo=0)                   0.000     0.000    u_pll/inst/clk_in1
    Y9                   IBUF (Prop_ibuf_I_O)         0.446     0.446 r  u_pll/inst/clkin1_ibufg/O
                         net (fo=1, routed)           0.481     0.927    u_pll/inst/clk_in1_clk_wiz_0
    PLLE2_ADV_X0Y0       PLLE2_ADV (Prop_plle2_adv_CLKIN1_CLKOUT0)
                                                     -2.700    -1.773 r  u_pll/inst/plle2_adv_inst/CLKOUT0
                         net (fo=1, routed)           0.580    -1.193    u_pll/inst/clk_out1_clk_wiz_0
    BUFGCTRL_X0Y0        BUFG (Prop_bufg_I_O)         0.029    -1.164 r  u_pll/inst/clkout1_buf/O
                         net (fo=23, routed)          0.911    -0.253    u_clk_div/bbstub_clk_out1
    SLICE_X113Y45        FDCE                                         r  u_clk_div/cnt_reg[5]/C
                         clock pessimism             -0.234    -0.487    
    SLICE_X113Y45        FDCE (Hold_fdce_C_D)         0.092    -0.395    u_clk_div/cnt_reg[5]
  -------------------------------------------------------------------
                         required time                          0.395    
                         arrival time                           0.006    
  -------------------------------------------------------------------
                         slack                                  0.400    

Slack (MET) :             0.403ns  (arrival time - required time)
  Source:                 u_clk_div/cnt_reg[10]/C
                            (rising edge-triggered cell FDCE clocked by clk_out1_clk_wiz_0  {rise@0.000ns fall@62.500ns period=125.000ns})
  Destination:            u_clk_div/cnt_reg[12]/D
                            (rising edge-triggered cell FDCE clocked by clk_out1_clk_wiz_0  {rise@0.000ns fall@62.500ns period=125.000ns})
  Path Group:             clk_out1_clk_wiz_0
  Path Type:              Hold (Min at Fast Process Corner)
  Requirement:            0.000ns  (clk_out1_clk_wiz_0 rise@0.000ns - clk_out1_clk_wiz_0 rise@0.000ns)
  Data Path Delay:        0.495ns  (logic 0.231ns (46.700%)  route 0.264ns (53.300%))
  Logic Levels:           2  (LUT4=1 LUT6=1)
  Clock Path Skew:        0.000ns (DCD - SCD - CPR)
    Destination Clock Delay (DCD):    -0.253ns
    Source Clock Delay      (SCD):    -0.487ns
    Clock Pessimism Removal (CPR):    0.234ns

    Location             Delay type                Incr(ns)  Path(ns)    Netlist Resource(s)
  -------------------------------------------------------------------    -------------------
                         (clock clk_out1_clk_wiz_0 rise edge)
                                                      0.000     0.000 r  
    Y9                                                0.000     0.000 r  clk (IN)
                         net (fo=0)                   0.000     0.000    u_pll/inst/clk_in1
    Y9                   IBUF (Prop_ibuf_I_O)         0.258     0.258 r  u_pll/inst/clkin1_ibufg/O
                         net (fo=1, routed)           0.440     0.698    u_pll/inst/clk_in1_clk_wiz_0
    PLLE2_ADV_X0Y0       PLLE2_ADV (Prop_plle2_adv_CLKIN1_CLKOUT0)
                                                     -2.384    -1.685 r  u_pll/inst/plle2_adv_inst/CLKOUT0
                         net (fo=1, routed)           0.533    -1.152    u_pll/inst/clk_out1_clk_wiz_0
    BUFGCTRL_X0Y0        BUFG (Prop_bufg_I_O)         0.026    -1.126 r  u_pll/inst/clkout1_buf/O
                         net (fo=23, routed)          0.640    -0.487    u_clk_div/bbstub_clk_out1
    SLICE_X113Y46        FDCE                                         r  u_clk_div/cnt_reg[10]/C
  -------------------------------------------------------------------    -------------------
    SLICE_X113Y46        FDCE (Prop_fdce_C_Q)         0.141    -0.346 r  u_clk_div/cnt_reg[10]/Q
                         net (fo=2, routed)           0.173    -0.173    u_clk_div/cnt[10]
    SLICE_X113Y46        LUT4 (Prop_lut4_I1_O)        0.045    -0.128 r  u_clk_div/cnt[21]_i_4/O
                         net (fo=22, routed)          0.091    -0.037    u_clk_div/cnt[21]_i_4_n_0
    SLICE_X113Y46        LUT6 (Prop_lut6_I1_O)        0.045     0.008 r  u_clk_div/cnt[12]_i_1/O
                         net (fo=1, routed)           0.000     0.008    u_clk_div/cnt_0[12]
    SLICE_X113Y46        FDCE                                         r  u_clk_div/cnt_reg[12]/D
  -------------------------------------------------------------------    -------------------

                         (clock clk_out1_clk_wiz_0 rise edge)
                                                      0.000     0.000 r  
    Y9                                                0.000     0.000 r  clk (IN)
                         net (fo=0)                   0.000     0.000    u_pll/inst/clk_in1
    Y9                   IBUF (Prop_ibuf_I_O)         0.446     0.446 r  u_pll/inst/clkin1_ibufg/O
                         net (fo=1, routed)           0.481     0.927    u_pll/inst/clk_in1_clk_wiz_0
    PLLE2_ADV_X0Y0       PLLE2_ADV (Prop_plle2_adv_CLKIN1_CLKOUT0)
                                                     -2.700    -1.773 r  u_pll/inst/plle2_adv_inst/CLKOUT0
                         net (fo=1, routed)           0.580    -1.193    u_pll/inst/clk_out1_clk_wiz_0
    BUFGCTRL_X0Y0        BUFG (Prop_bufg_I_O)         0.029    -1.164 r  u_pll/inst/clkout1_buf/O
                         net (fo=23, routed)          0.911    -0.253    u_clk_div/bbstub_clk_out1
    SLICE_X113Y46        FDCE                                         r  u_clk_div/cnt_reg[12]/C
                         clock pessimism             -0.234    -0.487    
    SLICE_X113Y46        FDCE (Hold_fdce_C_D)         0.092    -0.395    u_clk_div/cnt_reg[12]
  -------------------------------------------------------------------
                         required time                          0.395    
                         arrival time                           0.008    
  -------------------------------------------------------------------
                         slack                                  0.403    

Slack (MET) :             0.411ns  (arrival time - required time)
  Source:                 u_clk_div/cnt_reg[18]/C
                            (rising edge-triggered cell FDCE clocked by clk_out1_clk_wiz_0  {rise@0.000ns fall@62.500ns period=125.000ns})
  Destination:            u_clk_div/cnt_reg[20]/D
                            (rising edge-triggered cell FDCE clocked by clk_out1_clk_wiz_0  {rise@0.000ns fall@62.500ns period=125.000ns})
  Path Group:             clk_out1_clk_wiz_0
  Path Type:              Hold (Min at Fast Process Corner)
  Requirement:            0.000ns  (clk_out1_clk_wiz_0 rise@0.000ns - clk_out1_clk_wiz_0 rise@0.000ns)
  Data Path Delay:        0.503ns  (logic 0.231ns (45.925%)  route 0.272ns (54.075%))
  Logic Levels:           2  (LUT6=2)
  Clock Path Skew:        0.000ns (DCD - SCD - CPR)
    Destination Clock Delay (DCD):    -0.252ns
    Source Clock Delay      (SCD):    -0.486ns
    Clock Pessimism Removal (CPR):    0.234ns

    Location             Delay type                Incr(ns)  Path(ns)    Netlist Resource(s)
  -------------------------------------------------------------------    -------------------
                         (clock clk_out1_clk_wiz_0 rise edge)
                                                      0.000     0.000 r  
    Y9                                                0.000     0.000 r  clk (IN)
                         net (fo=0)                   0.000     0.000    u_pll/inst/clk_in1
    Y9                   IBUF (Prop_ibuf_I_O)         0.258     0.258 r  u_pll/inst/clkin1_ibufg/O
                         net (fo=1, routed)           0.440     0.698    u_pll/inst/clk_in1_clk_wiz_0
    PLLE2_ADV_X0Y0       PLLE2_ADV (Prop_plle2_adv_CLKIN1_CLKOUT0)
                                                     -2.384    -1.685 r  u_pll/inst/plle2_adv_inst/CLKOUT0
                         net (fo=1, routed)           0.533    -1.152    u_pll/inst/clk_out1_clk_wiz_0
    BUFGCTRL_X0Y0        BUFG (Prop_bufg_I_O)         0.026    -1.126 r  u_pll/inst/clkout1_buf/O
                         net (fo=23, routed)          0.641    -0.486    u_clk_div/bbstub_clk_out1
    SLICE_X113Y48        FDCE                                         r  u_clk_div/cnt_reg[18]/C
  -------------------------------------------------------------------    -------------------
    SLICE_X113Y48        FDCE (Prop_fdce_C_Q)         0.141    -0.345 f  u_clk_div/cnt_reg[18]/Q
                         net (fo=2, routed)           0.142    -0.202    u_clk_div/cnt[18]
    SLICE_X113Y48        LUT6 (Prop_lut6_I2_O)        0.045    -0.157 r  u_clk_div/cnt[21]_i_3/O
                         net (fo=22, routed)          0.130    -0.028    u_clk_div/cnt[21]_i_3_n_0
    SLICE_X113Y48        LUT6 (Prop_lut6_I0_O)        0.045     0.017 r  u_clk_div/cnt[20]_i_1/O
                         net (fo=1, routed)           0.000     0.017    u_clk_div/cnt_0[20]
    SLICE_X113Y48        FDCE                                         r  u_clk_div/cnt_reg[20]/D
  -------------------------------------------------------------------    -------------------

                         (clock clk_out1_clk_wiz_0 rise edge)
                                                      0.000     0.000 r  
    Y9                                                0.000     0.000 r  clk (IN)
                         net (fo=0)                   0.000     0.000    u_pll/inst/clk_in1
    Y9                   IBUF (Prop_ibuf_I_O)         0.446     0.446 r  u_pll/inst/clkin1_ibufg/O
                         net (fo=1, routed)           0.481     0.927    u_pll/inst/clk_in1_clk_wiz_0
    PLLE2_ADV_X0Y0       PLLE2_ADV (Prop_plle2_adv_CLKIN1_CLKOUT0)
                                                     -2.700    -1.773 r  u_pll/inst/plle2_adv_inst/CLKOUT0
                         net (fo=1, routed)           0.580    -1.193    u_pll/inst/clk_out1_clk_wiz_0
    BUFGCTRL_X0Y0        BUFG (Prop_bufg_I_O)         0.029    -1.164 r  u_pll/inst/clkout1_buf/O
                         net (fo=23, routed)          0.912    -0.252    u_clk_div/bbstub_clk_out1
    SLICE_X113Y48        FDCE                                         r  u_clk_div/cnt_reg[20]/C
                         clock pessimism             -0.234    -0.486    
    SLICE_X113Y48        FDCE (Hold_fdce_C_D)         0.092    -0.394    u_clk_div/cnt_reg[20]
  -------------------------------------------------------------------
                         required time                          0.394    
                         arrival time                           0.017    
  -------------------------------------------------------------------
                         slack                                  0.411    

Slack (MET) :             0.418ns  (arrival time - required time)
  Source:                 u_clk_div/cnt_reg[17]/C
                            (rising edge-triggered cell FDCE clocked by clk_out1_clk_wiz_0  {rise@0.000ns fall@62.500ns period=125.000ns})
  Destination:            u_clk_div/cnt_reg[13]/D
                            (rising edge-triggered cell FDCE clocked by clk_out1_clk_wiz_0  {rise@0.000ns fall@62.500ns period=125.000ns})
  Path Group:             clk_out1_clk_wiz_0
  Path Type:              Hold (Min at Fast Process Corner)
  Requirement:            0.000ns  (clk_out1_clk_wiz_0 rise@0.000ns - clk_out1_clk_wiz_0 rise@0.000ns)
  Data Path Delay:        0.526ns  (logic 0.231ns (43.918%)  route 0.295ns (56.082%))
  Logic Levels:           2  (LUT4=1 LUT6=1)
  Clock Path Skew:        0.016ns (DCD - SCD - CPR)
    Destination Clock Delay (DCD):    -0.252ns
    Source Clock Delay      (SCD):    -0.486ns
    Clock Pessimism Removal (CPR):    0.218ns

    Location             Delay type                Incr(ns)  Path(ns)    Netlist Resource(s)
  -------------------------------------------------------------------    -------------------
                         (clock clk_out1_clk_wiz_0 rise edge)
                                                      0.000     0.000 r  
    Y9                                                0.000     0.000 r  clk (IN)
                         net (fo=0)                   0.000     0.000    u_pll/inst/clk_in1
    Y9                   IBUF (Prop_ibuf_I_O)         0.258     0.258 r  u_pll/inst/clkin1_ibufg/O
                         net (fo=1, routed)           0.440     0.698    u_pll/inst/clk_in1_clk_wiz_0
    PLLE2_ADV_X0Y0       PLLE2_ADV (Prop_plle2_adv_CLKIN1_CLKOUT0)
                                                     -2.384    -1.685 r  u_pll/inst/plle2_adv_inst/CLKOUT0
                         net (fo=1, routed)           0.533    -1.152    u_pll/inst/clk_out1_clk_wiz_0
    BUFGCTRL_X0Y0        BUFG (Prop_bufg_I_O)         0.026    -1.126 r  u_pll/inst/clkout1_buf/O
                         net (fo=23, routed)          0.641    -0.486    u_clk_div/bbstub_clk_out1
    SLICE_X113Y49        FDCE                                         r  u_clk_div/cnt_reg[17]/C
  -------------------------------------------------------------------    -------------------
    SLICE_X113Y49        FDCE (Prop_fdce_C_Q)         0.141    -0.345 r  u_clk_div/cnt_reg[17]/Q
                         net (fo=2, routed)           0.167    -0.177    u_clk_div/cnt[17]
    SLICE_X113Y47        LUT4 (Prop_lut4_I3_O)        0.045    -0.132 r  u_clk_div/cnt[21]_i_5/O
                         net (fo=22, routed)          0.128    -0.005    u_clk_div/cnt[21]_i_5_n_0
    SLICE_X111Y47        LUT6 (Prop_lut6_I2_O)        0.045     0.040 r  u_clk_div/cnt[13]_i_1/O
                         net (fo=1, routed)           0.000     0.040    u_clk_div/cnt_0[13]
    SLICE_X111Y47        FDCE                                         r  u_clk_div/cnt_reg[13]/D
  -------------------------------------------------------------------    -------------------

                         (clock clk_out1_clk_wiz_0 rise edge)
                                                      0.000     0.000 r  
    Y9                                                0.000     0.000 r  clk (IN)
                         net (fo=0)                   0.000     0.000    u_pll/inst/clk_in1
    Y9                   IBUF (Prop_ibuf_I_O)         0.446     0.446 r  u_pll/inst/clkin1_ibufg/O
                         net (fo=1, routed)           0.481     0.927    u_pll/inst/clk_in1_clk_wiz_0
    PLLE2_ADV_X0Y0       PLLE2_ADV (Prop_plle2_adv_CLKIN1_CLKOUT0)
                                                     -2.700    -1.773 r  u_pll/inst/plle2_adv_inst/CLKOUT0
                         net (fo=1, routed)           0.580    -1.193    u_pll/inst/clk_out1_clk_wiz_0
    BUFGCTRL_X0Y0        BUFG (Prop_bufg_I_O)         0.029    -1.164 r  u_pll/inst/clkout1_buf/O
                         net (fo=23, routed)          0.912    -0.252    u_clk_div/bbstub_clk_out1
    SLICE_X111Y47        FDCE                                         r  u_clk_div/cnt_reg[13]/C
                         clock pessimism             -0.218    -0.470    
    SLICE_X111Y47        FDCE (Hold_fdce_C_D)         0.092    -0.378    u_clk_div/cnt_reg[13]
  -------------------------------------------------------------------
                         required time                          0.378    
                         arrival time                           0.040    
  -------------------------------------------------------------------
                         slack                                  0.418    

Slack (MET) :             0.451ns  (arrival time - required time)
  Source:                 u_clk_div/cnt_reg[5]/C
                            (rising edge-triggered cell FDCE clocked by clk_out1_clk_wiz_0  {rise@0.000ns fall@62.500ns period=125.000ns})
  Destination:            u_clk_div/cnt_reg[4]/D
                            (rising edge-triggered cell FDCE clocked by clk_out1_clk_wiz_0  {rise@0.000ns fall@62.500ns period=125.000ns})
  Path Group:             clk_out1_clk_wiz_0
  Path Type:              Hold (Min at Fast Process Corner)
  Requirement:            0.000ns  (clk_out1_clk_wiz_0 rise@0.000ns - clk_out1_clk_wiz_0 rise@0.000ns)
  Data Path Delay:        0.559ns  (logic 0.231ns (41.350%)  route 0.328ns (58.650%))
  Logic Levels:           2  (LUT4=1 LUT6=1)
  Clock Path Skew:        0.016ns (DCD - SCD - CPR)
    Destination Clock Delay (DCD):    -0.253ns
    Source Clock Delay      (SCD):    -0.487ns
    Clock Pessimism Removal (CPR):    0.218ns

    Location             Delay type                Incr(ns)  Path(ns)    Netlist Resource(s)
  -------------------------------------------------------------------    -------------------
                         (clock clk_out1_clk_wiz_0 rise edge)
                                                      0.000     0.000 r  
    Y9                                                0.000     0.000 r  clk (IN)
                         net (fo=0)                   0.000     0.000    u_pll/inst/clk_in1
    Y9                   IBUF (Prop_ibuf_I_O)         0.258     0.258 r  u_pll/inst/clkin1_ibufg/O
                         net (fo=1, routed)           0.440     0.698    u_pll/inst/clk_in1_clk_wiz_0
    PLLE2_ADV_X0Y0       PLLE2_ADV (Prop_plle2_adv_CLKIN1_CLKOUT0)
                                                     -2.384    -1.685 r  u_pll/inst/plle2_adv_inst/CLKOUT0
                         net (fo=1, routed)           0.533    -1.152    u_pll/inst/clk_out1_clk_wiz_0
    BUFGCTRL_X0Y0        BUFG (Prop_bufg_I_O)         0.026    -1.126 r  u_pll/inst/clkout1_buf/O
                         net (fo=23, routed)          0.640    -0.487    u_clk_div/bbstub_clk_out1
    SLICE_X113Y45        FDCE                                         r  u_clk_div/cnt_reg[5]/C
  -------------------------------------------------------------------    -------------------
    SLICE_X113Y45        FDCE (Prop_fdce_C_Q)         0.141    -0.346 f  u_clk_div/cnt_reg[5]/Q
                         net (fo=2, routed)           0.208    -0.137    u_clk_div/cnt[5]
    SLICE_X113Y44        LUT4 (Prop_lut4_I2_O)        0.045    -0.092 r  u_clk_div/cnt[21]_i_7/O
                         net (fo=22, routed)          0.119     0.027    u_clk_div/cnt[21]_i_7_n_0
    SLICE_X113Y44        LUT6 (Prop_lut6_I4_O)        0.045     0.072 r  u_clk_div/cnt[4]_i_1/O
                         net (fo=1, routed)           0.000     0.072    u_clk_div/cnt_0[4]
    SLICE_X113Y44        FDCE                                         r  u_clk_div/cnt_reg[4]/D
  -------------------------------------------------------------------    -------------------

                         (clock clk_out1_clk_wiz_0 rise edge)
                                                      0.000     0.000 r  
    Y9                                                0.000     0.000 r  clk (IN)
                         net (fo=0)                   0.000     0.000    u_pll/inst/clk_in1
    Y9                   IBUF (Prop_ibuf_I_O)         0.446     0.446 r  u_pll/inst/clkin1_ibufg/O
                         net (fo=1, routed)           0.481     0.927    u_pll/inst/clk_in1_clk_wiz_0
    PLLE2_ADV_X0Y0       PLLE2_ADV (Prop_plle2_adv_CLKIN1_CLKOUT0)
                                                     -2.700    -1.773 r  u_pll/inst/plle2_adv_inst/CLKOUT0
                         net (fo=1, routed)           0.580    -1.193    u_pll/inst/clk_out1_clk_wiz_0
    BUFGCTRL_X0Y0        BUFG (Prop_bufg_I_O)         0.029    -1.164 r  u_pll/inst/clkout1_buf/O
                         net (fo=23, routed)          0.911    -0.253    u_clk_div/bbstub_clk_out1
    SLICE_X113Y44        FDCE                                         r  u_clk_div/cnt_reg[4]/C
                         clock pessimism             -0.218    -0.471    
    SLICE_X113Y44        FDCE (Hold_fdce_C_D)         0.092    -0.379    u_clk_div/cnt_reg[4]
  -------------------------------------------------------------------
                         required time                          0.379    
                         arrival time                           0.072    
  -------------------------------------------------------------------
                         slack                                  0.451    

Slack (MET) :             0.452ns  (arrival time - required time)
  Source:                 u_clk_div/cnt_reg[7]/C
                            (rising edge-triggered cell FDCE clocked by clk_out1_clk_wiz_0  {rise@0.000ns fall@62.500ns period=125.000ns})
  Destination:            u_clk_div/cnt_reg[3]/D
                            (rising edge-triggered cell FDCE clocked by clk_out1_clk_wiz_0  {rise@0.000ns fall@62.500ns period=125.000ns})
  Path Group:             clk_out1_clk_wiz_0
  Path Type:              Hold (Min at Fast Process Corner)
  Requirement:            0.000ns  (clk_out1_clk_wiz_0 rise@0.000ns - clk_out1_clk_wiz_0 rise@0.000ns)
  Data Path Delay:        0.560ns  (logic 0.231ns (41.234%)  route 0.329ns (58.766%))
  Logic Levels:           2  (LUT4=1 LUT6=1)
  Clock Path Skew:        0.016ns (DCD - SCD - CPR)
    Destination Clock Delay (DCD):    -0.253ns
    Source Clock Delay      (SCD):    -0.487ns
    Clock Pessimism Removal (CPR):    0.218ns

    Location             Delay type                Incr(ns)  Path(ns)    Netlist Resource(s)
  -------------------------------------------------------------------    -------------------
                         (clock clk_out1_clk_wiz_0 rise edge)
                                                      0.000     0.000 r  
    Y9                                                0.000     0.000 r  clk (IN)
                         net (fo=0)                   0.000     0.000    u_pll/inst/clk_in1
    Y9                   IBUF (Prop_ibuf_I_O)         0.258     0.258 r  u_pll/inst/clkin1_ibufg/O
                         net (fo=1, routed)           0.440     0.698    u_pll/inst/clk_in1_clk_wiz_0
    PLLE2_ADV_X0Y0       PLLE2_ADV (Prop_plle2_adv_CLKIN1_CLKOUT0)
                                                     -2.384    -1.685 r  u_pll/inst/plle2_adv_inst/CLKOUT0
                         net (fo=1, routed)           0.533    -1.152    u_pll/inst/clk_out1_clk_wiz_0
    BUFGCTRL_X0Y0        BUFG (Prop_bufg_I_O)         0.026    -1.126 r  u_pll/inst/clkout1_buf/O
                         net (fo=23, routed)          0.640    -0.487    u_clk_div/bbstub_clk_out1
    SLICE_X113Y45        FDCE                                         r  u_clk_div/cnt_reg[7]/C
  -------------------------------------------------------------------    -------------------
    SLICE_X113Y45        FDCE (Prop_fdce_C_Q)         0.141    -0.346 f  u_clk_div/cnt_reg[7]/Q
                         net (fo=2, routed)           0.103    -0.243    u_clk_div/cnt[7]
    SLICE_X111Y45        LUT4 (Prop_lut4_I0_O)        0.045    -0.198 r  u_clk_div/cnt[21]_i_6/O
                         net (fo=22, routed)          0.226     0.029    u_clk_div/cnt[21]_i_6_n_0
    SLICE_X113Y44        LUT6 (Prop_lut6_I3_O)        0.045     0.074 r  u_clk_div/cnt[3]_i_1/O
                         net (fo=1, routed)           0.000     0.074    u_clk_div/cnt_0[3]
    SLICE_X113Y44        FDCE                                         r  u_clk_div/cnt_reg[3]/D
  -------------------------------------------------------------------    -------------------

                         (clock clk_out1_clk_wiz_0 rise edge)
                                                      0.000     0.000 r  
    Y9                                                0.000     0.000 r  clk (IN)
                         net (fo=0)                   0.000     0.000    u_pll/inst/clk_in1
    Y9                   IBUF (Prop_ibuf_I_O)         0.446     0.446 r  u_pll/inst/clkin1_ibufg/O
                         net (fo=1, routed)           0.481     0.927    u_pll/inst/clk_in1_clk_wiz_0
    PLLE2_ADV_X0Y0       PLLE2_ADV (Prop_plle2_adv_CLKIN1_CLKOUT0)
                                                     -2.700    -1.773 r  u_pll/inst/plle2_adv_inst/CLKOUT0
                         net (fo=1, routed)           0.580    -1.193    u_pll/inst/clk_out1_clk_wiz_0
    BUFGCTRL_X0Y0        BUFG (Prop_bufg_I_O)         0.029    -1.164 r  u_pll/inst/clkout1_buf/O
                         net (fo=23, routed)          0.911    -0.253    u_clk_div/bbstub_clk_out1
    SLICE_X113Y44        FDCE                                         r  u_clk_div/cnt_reg[3]/C
                         clock pessimism             -0.218    -0.471    
    SLICE_X113Y44        FDCE (Hold_fdce_C_D)         0.092    -0.379    u_clk_div/cnt_reg[3]
  -------------------------------------------------------------------
                         required time                          0.379    
                         arrival time                           0.074    
  -------------------------------------------------------------------
                         slack                                  0.452    





Pulse Width Checks
--------------------------------------------------------------------------------------
Clock Name:         clk_out1_clk_wiz_0
Waveform(ns):       { 0.000 62.500 }
Period(ns):         125.000
Sources:            { u_pll/inst/plle2_adv_inst/CLKOUT0 }

Check Type        Corner  Lib Pin            Reference Pin  Required(ns)  Actual(ns)  Slack(ns)  Location        Pin
Min Period        n/a     BUFG/I             n/a            1.592         125.000     123.408    BUFGCTRL_X0Y0   u_pll/inst/clkout1_buf/I
Min Period        n/a     PLLE2_ADV/CLKOUT0  n/a            1.249         125.000     123.751    PLLE2_ADV_X0Y0  u_pll/inst/plle2_adv_inst/CLKOUT0
Min Period        n/a     FDCE/C             n/a            1.000         125.000     124.000    SLICE_X111Y47   u_clk_div/clk_1HZ_reg/C
Min Period        n/a     FDCE/C             n/a            1.000         125.000     124.000    SLICE_X111Y47   u_clk_div/cnt_reg[0]/C
Min Period        n/a     FDCE/C             n/a            1.000         125.000     124.000    SLICE_X113Y46   u_clk_div/cnt_reg[10]/C
Min Period        n/a     FDCE/C             n/a            1.000         125.000     124.000    SLICE_X113Y46   u_clk_div/cnt_reg[11]/C
Min Period        n/a     FDCE/C             n/a            1.000         125.000     124.000    SLICE_X113Y46   u_clk_div/cnt_reg[12]/C
Min Period        n/a     FDCE/C             n/a            1.000         125.000     124.000    SLICE_X111Y47   u_clk_div/cnt_reg[13]/C
Min Period        n/a     FDCE/C             n/a            1.000         125.000     124.000    SLICE_X113Y47   u_clk_div/cnt_reg[14]/C
Min Period        n/a     FDCE/C             n/a            1.000         125.000     124.000    SLICE_X113Y47   u_clk_div/cnt_reg[15]/C
Max Period        n/a     PLLE2_ADV/CLKOUT0  n/a            160.000       125.000     35.000     PLLE2_ADV_X0Y0  u_pll/inst/plle2_adv_inst/CLKOUT0
Low Pulse Width   Slow    FDCE/C             n/a            0.500         62.500      62.000     SLICE_X111Y47   u_clk_div/clk_1HZ_reg/C
Low Pulse Width   Slow    FDCE/C             n/a            0.500         62.500      62.000     SLICE_X111Y47   u_clk_div/cnt_reg[0]/C
Low Pulse Width   Slow    FDCE/C             n/a            0.500         62.500      62.000     SLICE_X113Y46   u_clk_div/cnt_reg[10]/C
Low Pulse Width   Fast    FDCE/C             n/a            0.500         62.500      62.000     SLICE_X113Y46   u_clk_div/cnt_reg[10]/C
Low Pulse Width   Slow    FDCE/C             n/a            0.500         62.500      62.000     SLICE_X113Y46   u_clk_div/cnt_reg[11]/C
Low Pulse Width   Fast    FDCE/C             n/a            0.500         62.500      62.000     SLICE_X113Y46   u_clk_div/cnt_reg[11]/C
Low Pulse Width   Slow    FDCE/C             n/a            0.500         62.500      62.000     SLICE_X113Y46   u_clk_div/cnt_reg[12]/C
Low Pulse Width   Fast    FDCE/C             n/a            0.500         62.500      62.000     SLICE_X113Y46   u_clk_div/cnt_reg[12]/C
Low Pulse Width   Slow    FDCE/C             n/a            0.500         62.500      62.000     SLICE_X111Y47   u_clk_div/cnt_reg[13]/C
Low Pulse Width   Slow    FDCE/C             n/a            0.500         62.500      62.000     SLICE_X113Y47   u_clk_div/cnt_reg[14]/C
High Pulse Width  Slow    FDCE/C             n/a            0.500         62.500      62.000     SLICE_X111Y47   u_clk_div/clk_1HZ_reg/C
High Pulse Width  Fast    FDCE/C             n/a            0.500         62.500      62.000     SLICE_X111Y47   u_clk_div/clk_1HZ_reg/C
High Pulse Width  Slow    FDCE/C             n/a            0.500         62.500      62.000     SLICE_X111Y47   u_clk_div/cnt_reg[0]/C
High Pulse Width  Fast    FDCE/C             n/a            0.500         62.500      62.000     SLICE_X111Y47   u_clk_div/cnt_reg[0]/C
High Pulse Width  Slow    FDCE/C             n/a            0.500         62.500      62.000     SLICE_X113Y46   u_clk_div/cnt_reg[10]/C
High Pulse Width  Fast    FDCE/C             n/a            0.500         62.500      62.000     SLICE_X113Y46   u_clk_div/cnt_reg[10]/C
High Pulse Width  Slow    FDCE/C             n/a            0.500         62.500      62.000     SLICE_X113Y46   u_clk_div/cnt_reg[11]/C
High Pulse Width  Fast    FDCE/C             n/a            0.500         62.500      62.000     SLICE_X113Y46   u_clk_div/cnt_reg[11]/C
High Pulse Width  Slow    FDCE/C             n/a            0.500         62.500      62.000     SLICE_X113Y46   u_clk_div/cnt_reg[12]/C
High Pulse Width  Fast    FDCE/C             n/a            0.500         62.500      62.000     SLICE_X113Y46   u_clk_div/cnt_reg[12]/C



---------------------------------------------------------------------------------------------------
From Clock:  clkfbout_clk_wiz_0
  To Clock:  clkfbout_clk_wiz_0

Setup :           NA  Failing Endpoints,  Worst Slack           NA  ,  Total Violation           NA
Hold  :           NA  Failing Endpoints,  Worst Slack           NA  ,  Total Violation           NA
PW    :            0  Failing Endpoints,  Worst Slack        2.633ns,  Total Violation        0.000ns
---------------------------------------------------------------------------------------------------


Pulse Width Checks
--------------------------------------------------------------------------------------
Clock Name:         clkfbout_clk_wiz_0
Waveform(ns):       { 0.000 25.000 }
Period(ns):         50.000
Sources:            { u_pll/inst/plle2_adv_inst/CLKFBOUT }

Check Type  Corner  Lib Pin             Reference Pin  Required(ns)  Actual(ns)  Slack(ns)  Location        Pin
Min Period  n/a     BUFG/I              n/a            1.592         50.000      48.408     BUFGCTRL_X0Y1   u_pll/inst/clkf_buf/I
Min Period  n/a     PLLE2_ADV/CLKFBOUT  n/a            1.249         50.000      48.751     PLLE2_ADV_X0Y0  u_pll/inst/plle2_adv_inst/CLKFBOUT
Min Period  n/a     PLLE2_ADV/CLKFBIN   n/a            1.249         50.000      48.751     PLLE2_ADV_X0Y0  u_pll/inst/plle2_adv_inst/CLKFBIN
Max Period  n/a     PLLE2_ADV/CLKFBIN   n/a            52.633        50.000      2.633      PLLE2_ADV_X0Y0  u_pll/inst/plle2_adv_inst/CLKFBIN
Max Period  n/a     PLLE2_ADV/CLKFBOUT  n/a            160.000       50.000      110.000    PLLE2_ADV_X0Y0  u_pll/inst/plle2_adv_inst/CLKFBOUT



